Working_Year,Designation,Experience,Employment_Status,Salary_In_Rupees,Employee_Location,Company_Location,Company_Size,Remote_Working_Ratio,Salary_Currency,salary_in_usd,Salary_In_USD
2020-01-01,Business Data Analyst,EN,CT,100000,US,US,L,100,USD,100000.0,100000.0
2020-01-01,BI Data Analyst,MI,FT,98000,US,US,M,0,USD,98000.0,98000.0
2020-01-01,Business Data Analyst,MI,FT,95000,US,US,M,0,USD,95000.0,95000.0
2020-01-01,Data Analyst,EN,FT,91000,US,US,L,100,USD,91000.0,91000.0
2020-01-01,Business Data Analyst,MI,FT,135000,US,US,L,100,USD,135000.0,135000.0
2020-01-01,Data Analyst,EN,FT,42000,DE,DE,L,0,EUR,47899.0,42000.0
2020-01-01,Data Analyst,MI,FT,41000,FR,FR,L,50,EUR,46759.0,41000.0
2020-01-01,Data Analyst,EN,FT,20000,PT,PT,M,100,EUR,22809.0,20000.0
2020-01-01,Product Data Analyst,MI,FT,20000,HN,HN,S,0,USD,20000.0,20000.0
2020-01-01,Staff Data Analyst,EX,FT,15000,NG,CA,M,0,USD,15000.0,15000.0
2020-01-01,Lead Data Analyst,MI,FT,87000,US,US,L,100,USD,87000.0,87000.0
2020-01-01,Data Analyst,MI,FT,85000,US,US,L,100,USD,85000.0,85000.0
2020-01-01,Data Analyst,EN,FT,72000,US,US,L,100,USD,72000.0,72000.0
2020-01-01,Staff Data Analyst,EN,CT,60000,CA,CA,L,50,CAD,44753.0,60000.0
2020-01-01,Sales Data Analyst,MI,CT,60000,NG,NG,M,0,USD,60000.0,60000.0
2021-01-01,Data Analyst,MI,FT,1250000,IN,IN,L,50,INR,16904.0,16250.0
2021-01-01,Lead Data Analyst,MI,FT,1450000,IN,IN,L,100,INR,19609.0,18850.0
2021-01-01,Principal Data Analyst,SE,FT,170000,US,US,M,100,USD,170000.0,170000.0
2021-01-01,Lead Data Analyst,SE,FT,170000,US,US,L,100,USD,170000.0,170000.0
2021-01-01,Data Analyst,MI,FT,62000,US,US,L,0,USD,62000.0,62000.0
2021-01-01,Data Analyst,SE,FT,115000,US,US,S,100,USD,115000.0,115000.0
2021-01-01,BI Data Analyst,MI,FT,100000,US,US,M,100,USD,100000.0,100000.0
2021-01-01,Data Analyst,MI,FT,75000,US,US,L,0,USD,75000.0,75000.0
2021-01-01,BI Data Analyst,MI,FT,11000000,HU,US,L,50,HUF,36259.0,36300.0
2021-01-01,Data Analyst,MI,FT,93000,US,US,L,100,USD,93000.0,93000.0
2021-01-01,Data Analyst,EN,FT,60000,US,US,S,100,USD,60000.0,60000.0
2021-01-01,Data Analyst,MI,FT,135000,US,US,L,100,USD,135000.0,135000.0
2021-01-01,Marketing Data Analyst,SE,FT,75000,GR,DK,L,100,EUR,88654.0,75000.0
2021-01-01,Business Data Analyst,MI,PT,56000,GH,US,M,100,USD,56000.0,56000.0
2021-01-01,BI Data Analyst,EX,FT,150000,IN,US,L,100,USD,150000.0,150000.0
2021-01-01,Data Analyst,SE,FT,200000,US,US,L,100,USD,200000.0,200000.0
2021-01-01,Data Analyst,SE,FT,50000,PH,PH,S,100,USD,50000.0,50000.0
2021-01-01,Data Analyst,EN,FT,50000,FR,FR,M,50,EUR,59102.0,50000.0
2021-01-01,Data Analyst,EN,FT,50000,US,US,M,100,USD,50000.0,50000.0
2021-01-01,Finance Data Analyst,SE,FT,45000,GB,GB,L,50,GBP,61896.0,45000.0
2021-01-01,Business Data Analyst,EN,FT,50000,LU,LU,L,100,EUR,59102.0,50000.0
2021-01-01,BI Data Analyst,EN,FT,55000,US,US,S,50,USD,55000.0,55000.0
2021-01-01,Data Analyst,SE,FT,80000,BG,US,S,100,USD,80000.0,80000.0
2021-01-01,Data Analyst,SE,FT,54000,DE,DE,L,50,EUR,63831.0,54000.0
2021-01-01,Data Analyst,EN,FT,80000,US,US,M,100,USD,80000.0,80000.0
2021-01-01,Data Analyst,EN,FT,56000,AU,AU,L,50,AUD,42028.0,56000.0
2021-01-01,Data Analyst,MI,FT,37456,GB,GB,L,50,GBP,51519.0,37456.0
2021-01-01,Data Analyst,SE,FT,90000,CA,CA,M,100,CAD,71786.0,90000.0
2021-01-01,Data Analyst,EN,FT,90000,US,US,S,100,USD,90000.0,90000.0
2021-01-01,Data Analyst,MI,FT,90000,US,US,M,100,USD,90000.0,90000.0
2021-01-01,Data Analyst,MI,FT,80000,US,US,L,100,USD,80000.0,80000.0
2022-01-01,Product Data Analyst,MI,FT,140000,US,US,M,100,USD,140000.0,140000.0
2022-01-01,Data Analyst,EX,FT,110000,US,US,M,100,USD,110000.0,110000.0
2022-01-01,Data Analyst,SE,FT,80000,US,US,M,100,USD,80000.0,80000.0
2022-01-01,Data Analyst,SE,FT,81666,US,US,M,100,USD,81666.0,81666.0
2022-01-01,Data Analyst,SE,FT,81666,US,US,M,0,USD,81666.0,81666.0
2022-01-01,Data Analyst,SE,FT,164000,US,US,M,0,USD,164000.0,164000.0
2022-01-01,Data Analyst,MI,FT,165000,US,US,M,0,USD,165000.0,165000.0
2022-01-01,Data Analyst,SE,FT,110000,US,US,M,100,USD,110000.0,110000.0
2022-01-01,Data Analyst,SE,FT,110000,US,US,M,0,USD,110000.0,110000.0
2022-01-01,Data Analyst,SE,FT,236600,US,US,M,100,USD,236600.0,236600.0
2022-01-01,Data Analyst,MI,FT,80000,US,US,L,100,USD,80000.0,80000.0
2022-01-01,Data Analyst,SE,FT,140000,US,US,M,100,USD,140000.0,140000.0
2022-01-01,Data Analyst,SE,FT,80000,US,US,M,0,USD,80000.0,80000.0
2022-01-01,Data Analyst,MI,FT,80000,US,US,M,0,USD,80000.0,80000.0
2022-01-01,Marketing Data Analyst,SE,FT,200000,GB,GB,S,100,USD,200000.0,200000.0
2022-01-01,Data Analyst,SE,FT,70000,US,US,M,0,USD,70000.0,70000.0
2022-01-01,Data Analyst,MI,FT,112000,US,US,M,100,USD,112000.0,112000.0
2022-01-01,Data Analyst,SE,FT,69000,US,US,M,100,USD,69000.0,69000.0
2022-01-01,Data Analyst,SE,FT,110600,US,US,M,0,USD,110600.0,110600.0
2022-01-01,Data Analyst,MI,FT,160000,US,US,M,0,USD,160000.0,160000.0
2022-01-01,Data Analyst,SE,FT,110925,US,US,M,100,USD,110925.0,110925.0
2022-01-01,Data Analyst,SE,FT,192500,US,US,M,100,USD,192500.0,192500.0
2022-01-01,Data Analyst,SE,FT,144000,US,US,M,100,USD,144000.0,144000.0
2022-01-01,Data Analyst,MI,FT,144100,US,US,M,0,USD,144100.0,144100.0
2022-01-01,Data Analyst,SE,FT,124190,US,US,M,100,USD,124190.0,124190.0
2022-01-01,Data Analyst,SE,FT,144100,US,US,M,0,USD,144100.0,144100.0
2022-01-01,Data Analyst,SE,FT,112900,US,US,M,0,USD,112900.0,112900.0
2022-01-01,Data Analyst,SE,FT,112900,US,US,M,100,USD,112900.0,112900.0
2022-01-01,Data Analyst,MI,FT,113000,US,US,L,0,USD,113000.0,113000.0
2022-01-01,Data Analyst,SE,FT,113000,US,US,M,100,USD,113000.0,113000.0
2022-01-01,Data Analyst,SE,FT,70000,GB,GB,M,0,GBP,86193.0,70000.0
2022-01-01,Data Analyst,SE,FT,126500,US,US,M,100,USD,126500.0,126500.0
2022-01-01,Data Analyst,MI,FT,126500,US,US,M,0,USD,126500.0,126500.0
2022-01-01,Data Analyst,SE,FT,127000,US,US,M,0,USD,127000.0,127000.0
2022-01-01,Data Analyst,SE,FT,127000,US,US,M,100,USD,127000.0,127000.0
2022-01-01,BI Data Analyst,MI,FT,77000,AU,AU,M,100,AUD,53368.0,77000.0
2022-01-01,Data Analyst,EN,PT,125404,CN,US,S,50,USD,125404.0,125404.0
2022-01-01,Data Analyst,MI,FT,79000,US,US,M,0,USD,79000.0,79000.0
2022-01-01,Financial Data Analyst,MI,FT,75000,US,US,M,0,USD,75000.0,75000.0
2022-01-01,Data Analyst,SE,FT,75000,GB,GB,M,0,GBP,92350.0,75000.0
2022-01-01,Data Analyst,MI,FT,75000,US,US,M,100,USD,75000.0,75000.0
2022-01-01,Data Analyst,SE,FT,68400,US,US,M,100,USD,68400.0,68400.0
2022-01-01,Data Analyst,MI,FT,75000,CA,CA,M,0,USD,75000.0,75000.0
2022-01-01,Principal Data Analyst,MI,FT,75000,CA,CA,S,100,USD,75000.0,75000.0
2022-01-01,Data Analyst,SE,FT,95000,US,US,M,0,USD,95000.0,95000.0
2022-01-01,Data Analyst,MI,FT,102640,US,US,M,100,USD,102640.0,102640.0
2022-01-01,Data Analyst,SE,FT,95000,US,US,M,100,USD,95000.0,95000.0
2022-01-01,Data Analyst,SE,FT,96000,US,US,M,100,USD,96000.0,96000.0
2022-01-01,Data Analyst,SE,FT,102100,US,US,M,100,USD,102100.0,102100.0
2022-01-01,Data Analyst,SE,FT,93700,US,US,M,100,USD,93700.0,93700.0
2022-01-01,Data Analyst,SE,FT,135000,US,US,M,100,USD,135000.0,135000.0
2022-01-01,Data Analyst,MI,FT,135000,US,US,M,100,USD,135000.0,135000.0
2022-01-01,Data Analyst,MI,FT,216200,US,US,M,0,USD,216200.0,216200.0
2022-01-01,Data Analyst,SE,FT,216200,US,US,M,0,USD,216200.0,216200.0
2022-01-01,Data Analyst,SE,FT,104000,US,US,M,100,USD,104000.0,104000.0
2022-01-01,Data Analyst,SE,FT,171000,US,AU,L,100,USD,171000.0,171000.0
2022-01-01,Data Analyst,MI,FT,100000,US,US,M,0,USD,100000.0,100000.0
2022-01-01,Product Data Analyst,EN,FT,100000,US,US,M,100,USD,100000.0,100000.0
2022-01-01,Data Analyst,SE,FT,100000,US,US,M,0,USD,100000.0,100000.0
2022-01-01,Data Analyst,MI,FT,100000,US,US,M,100,USD,100000.0,100000.0
2022-01-01,Data Analyst,SE,FT,100000,US,US,M,100,USD,100000.0,100000.0
2022-01-01,Data Analyst,MI,FT,206000,US,US,M,0,USD,206000.0,206000.0
2022-01-01,Data Analyst,SE,FT,131000,US,US,M,0,USD,131000.0,131000.0
2022-01-01,Data Analyst,SE,FT,130050,US,US,M,100,USD,130050.0,130050.0
2022-01-01,BI Data Analyst,MI,FT,100000,FR,FR,M,50,EUR,105066.0,100000.0
2022-01-01,Data Analyst,MI,FT,100000,CA,CA,M,0,USD,100000.0,100000.0
2022-01-01,Data Analyst,SE,FT,99000,US,US,M,0,USD,99000.0,99000.0
2022-01-01,Data Analyst,SE,FT,99050,US,US,M,100,USD,99050.0,99050.0
2022-01-01,Data Analyst,SE,FT,99450,US,US,M,100,USD,99450.0,99450.0
2022-01-01,Data Analyst,SE,FT,132000,US,US,M,0,USD,132000.0,132000.0
2022-01-01,Data Analyst,SE,FT,175000,US,US,M,100,USD,175000.0,175000.0
2022-01-01,Data Analyst,MI,FT,97500,US,US,L,100,USD,97500.0,97500.0
2022-01-01,Data Analyst,SE,FT,99750,US,US,M,100,USD,99750.0,99750.0
2022-01-01,Financial Data Analyst,EN,FT,100000,US,US,L,50,USD,100000.0,100000.0
2022-01-01,Business Data Analyst,SE,FT,100000,US,US,L,100,USD,100000.0,100000.0
2022-01-01,Data Analyst,SE,FT,136260,US,US,M,100,USD,136260.0,136260.0
2022-01-01,Data Analyst,SE,FT,136600,US,US,M,100,USD,136600.0,136600.0
2022-01-01,Data Analyst,SE,FT,85700,US,US,M,0,USD,85700.0,85700.0
2022-01-01,Data Analyst,SE,FT,128875,US,US,M,100,USD,128875.0,128875.0
2022-01-01,Data Analyst,SE,FT,129000,US,US,M,0,USD,129000.0,129000.0
2022-01-01,Data Analyst,SE,FT,177000,US,US,M,0,USD,177000.0,177000.0
2022-01-01,Data Analyst,SE,FT,166700,US,US,M,0,USD,166700.0,166700.0
2022-01-01,Data Analyst,MI,FT,167000,US,US,M,100,USD,167000.0,167000.0
2022-01-01,Data Analyst,MI,FT,106260,US,US,M,0,USD,106260.0,106260.0
2022-01-01,Data Analyst,SE,FT,106260,US,US,M,100,USD,106260.0,106260.0
2022-01-01,Data Analyst,SE,FT,139600,US,US,M,0,USD,139600.0,139600.0
2022-01-01,Data Analyst,SE,FT,109280,US,US,M,100,USD,109280.0,109280.0
2022-01-01,Data Analyst,MI,FT,109000,US,US,M,0,USD,109000.0,109000.0
2022-01-01,Data Analyst,MI,FT,85000,US,US,M,0,USD,85000.0,85000.0
2022-01-01,Data Analyst,SE,FT,84900,US,US,M,100,USD,84900.0,84900.0
2022-01-01,Data Analyst,MI,FT,85000,CA,CA,M,0,USD,85000.0,85000.0
2022-01-01,Data Analyst,SE,FT,201000,US,US,M,100,USD,201000.0,201000.0
2022-01-01,Data Analyst,SE,FT,90320,US,US,M,100,USD,90320.0,90320.0
2022-01-01,Data Analyst,SE,FT,130000,US,US,M,0,USD,130000.0,130000.0
2022-01-01,Data Analyst,SE,FT,169000,US,US,M,0,USD,169000.0,169000.0
2022-01-01,Data Analyst,SE,FT,90320,US,US,M,0,USD,90320.0,90320.0
2022-01-01,Data Analyst,SE,FT,170000,US,US,M,100,USD,170000.0,170000.0
2022-01-01,Data Analyst,SE,FT,105000,US,US,M,0,USD,105000.0,105000.0
2022-01-01,Data Analyst,MI,FT,105000,US,US,M,0,USD,105000.0,105000.0
2022-01-01,Data Analyst,SE,FT,105000,US,US,M,100,USD,105000.0,105000.0
2022-01-01,Data Analyst,SE,CT,90000,US,US,M,100,USD,90000.0,90000.0
2022-01-01,Data Analyst,SE,FT,89200,US,US,M,100,USD,89200.0,89200.0
2022-01-01,Business Data Analyst,MI,FT,90000,CA,CA,L,50,CAD,69133.0,90000.0
2022-01-01,Data Analyst,MI,FT,90000,SG,SG,M,50,SGD,65257.0,90000.0
2022-01-01,Data Analyst,MI,FT,136000,US,US,M,100,USD,136000.0,136000.0
2022-01-01,Data Analyst,SE,FT,130000,CA,CA,M,100,USD,130000.0,130000.0
2022-01-01,Data Analyst,EX,FT,130000,US,US,M,100,USD,130000.0,130000.0
2022-01-01,Data Analyst,MI,FT,130000,US,US,M,100,USD,130000.0,130000.0
2022-01-01,Data Analyst,SE,FT,130000,US,US,M,100,USD,130000.0,130000.0
2022-01-01,Data Analyst,SE,FT,175950,US,US,M,100,USD,175950.0,175950.0
2022-01-01,Data Analyst,SE,FT,120000,US,US,M,0,USD,120000.0,120000.0
2022-01-01,Data Analyst,EN,PT,34320,US,US,S,100,USD,34320.0,34320.0
2022-01-01,Data Analyst,MI,FT,35000,GB,GB,M,0,GBP,43096.0,35000.0
2022-01-01,Data Analyst,SE,FT,35000,ES,ES,M,0,EUR,36773.0,35000.0
2022-01-01,Data Analyst,MI,FT,350000,GB,GB,M,0,GBP,430967.0,350000.0
2022-01-01,Data Analyst,MI,FT,20000,GR,GR,S,100,USD,20000.0,20000.0
2022-01-01,Business Data Analyst,MI,FT,1440000,IN,IN,L,50,INR,18314.0,18720.0
2022-01-01,Business Data Analyst,MI,FT,1400000,IN,IN,M,100,INR,17805.0,18200.0
2022-01-01,Data Analyst,EN,FT,20000,CR,US,M,50,USD,20000.0,20000.0
2022-01-01,Data Analyst,EN,PT,24000,ES,US,L,100,EUR,25216.0,24000.0
2022-01-01,Data Analyst,SE,FT,150075,US,US,M,100,USD,150075.0,150075.0
2022-01-01,Data Analyst,EN,FT,27000,FR,FR,M,50,EUR,28368.0,27000.0
2022-01-01,Data Analyst,MI,FT,30000,GR,GR,M,100,EUR,31520.0,30000.0
2022-01-01,Data Analyst,MI,FT,30000,ES,ES,M,100,EUR,31520.0,30000.0
2022-01-01,Data Analyst,MI,FT,30000,GB,GB,M,100,GBP,36940.0,30000.0
2022-01-01,Data Analyst,MI,FT,150000,US,US,M,0,USD,150000.0,150000.0
2022-01-01,Business Data Analyst,EN,FT,48000,US,US,L,50,USD,48000.0,48000.0
2022-01-01,Data Analyst,MI,FT,150000,US,US,M,100,USD,150000.0,150000.0
2022-01-01,Data Analyst,SE,FT,150000,US,US,M,0,USD,150000.0,150000.0
2022-01-01,Business Data Analyst,MI,FT,150000,US,US,L,100,USD,150000.0,150000.0
2022-01-01,Data Analyst,EN,FT,48000,US,US,M,0,USD,48000.0,48000.0
2022-01-01,Data Analyst,SE,FT,48000,ES,ES,M,0,EUR,50432.0,48000.0
2022-01-01,Data Analyst,SE,FT,150000,US,US,M,100,USD,150000.0,150000.0
2022-01-01,BI Data Analyst,MI,FT,48000,DE,DE,S,100,EUR,50432.0,48000.0
2022-01-01,Data Analyst,EN,FT,150000,US,US,L,100,USD,150000.0,150000.0
2022-01-01,Data Analyst,EN,FT,50000,AR,AR,L,100,USD,50000.0,50000.0
2022-01-01,Data Analyst,SE,FT,50000,GB,GB,M,0,GBP,61566.0,50000.0
2022-01-01,Business Data Analyst,EN,FT,50000,IN,AS,L,100,USD,50000.0,50000.0
2022-01-01,Data Analyst,SE,FT,154560,US,US,M,0,USD,154560.0,154560.0
2022-01-01,Data Analyst,MI,FT,50000,US,US,M,100,USD,50000.0,50000.0
2022-01-01,Data Analyst,MI,FT,50000,GB,GB,M,0,GBP,61566.0,50000.0
2022-01-01,Data Analyst,SE,FT,119000,US,US,M,100,USD,119000.0,119000.0
2022-01-01,Data Analyst,SE,FT,119000,US,US,M,0,USD,119000.0,119000.0
2022-01-01,Data Analyst,SE,FT,38000,ES,ES,M,0,EUR,39925.0,38000.0
2022-01-01,Data Analyst,MI,FT,40000,ES,ES,M,100,EUR,42026.0,40000.0
2022-01-01,Data Analyst,MI,FT,40000,GB,GB,M,100,GBP,49253.0,40000.0
2022-01-01,Data Analyst,MI,FT,40000,GR,GR,M,100,EUR,42026.0,40000.0
2022-01-01,Data Analyst,EN,FT,46000,US,US,L,100,USD,46000.0,46000.0
2022-01-01,Data Analyst,MI,FT,45000,GB,GB,M,0,GBP,55410.0,45000.0
2022-01-01,Data Analyst,EN,FT,50000,US,US,L,50,USD,50000.0,50000.0
2022-01-01,Data Analyst,EN,FT,64000,US,US,L,100,USD,64000.0,64000.0
2022-01-01,Data Analyst,SE,FT,57000,GB,GB,M,0,GBP,70186.0,57000.0
2022-01-01,BI Data Analyst,EN,FT,57000,US,US,L,100,USD,57000.0,57000.0
2022-01-01,Data Analyst,SE,FT,115000,US,US,M,100,USD,115000.0,115000.0
2022-01-01,Data Analyst,SE,FT,115000,US,US,L,0,USD,115000.0,115000.0
2022-01-01,Data Analyst,SE,FT,115934,US,US,M,100,USD,115934.0,115934.0
2022-01-01,Data Analyst,SE,FT,115934,US,US,M,0,USD,115934.0,115934.0
2022-01-01,BI Data Analyst,MI,FT,65000,AU,AU,L,50,AUD,45050.0,65000.0
2022-01-01,Data Analyst,MI,FT,65000,CA,CA,M,0,USD,65000.0,65000.0
2022-01-01,Data Analyst,SE,FT,65000,US,US,M,100,USD,65000.0,65000.0
2022-01-01,Data Analyst,MI,FT,65000,US,US,M,100,USD,65000.0,65000.0
2022-01-01,Data Analyst,MI,FT,65000,US,US,M,0,USD,65000.0,65000.0
2022-01-01,Data Analyst,MI,FT,60000,US,US,M,100,USD,60000.0,60000.0
2022-01-01,Data Analyst,SE,FT,60000,US,US,M,100,USD,60000.0,60000.0
2022-01-01,Data Analyst,SE,FT,61300,CA,CA,M,100,USD,61300.0,61300.0
2022-01-01,Data Analyst,MI,FT,62000,US,US,M,0,USD,62000.0,62000.0
2022-01-01,Data Analyst,MI,FT,58000,US,US,S,0,USD,58000.0,58000.0
2022-01-01,Data Analyst,SE,FT,123648,US,US,M,0,USD,123648.0,123648.0
2022-01-01,Admin & Data Analyst,SE,FT,60000,IN,IN,M,100,USD,60000.0,60000.0
2022-01-01,Data Analyst,MI,FT,115500,US,US,M,100,USD,115500.0,115500.0
2022-01-01,BI Data Analyst,EN,FT,58000,DE,DE,L,0,EUR,60938.0,58000.0
2022-01-01,Data Analyst,EN,FT,15000,ID,ID,L,0,USD,15000.0,15000.0
2022-01-01,Data Analyst,EN,FT,67000,CA,CA,M,0,USD,67000.0,67000.0
2022-01-01,Data Analyst,SE,FT,117000,US,US,M,100,USD,117000.0,117000.0
2022-01-01,Data Analyst,EN,FT,52000,CA,CA,M,0,USD,52000.0,52000.0
2022-01-01,Data Analyst,MI,FT,52500,US,US,M,0,USD,52500.0,52500.0
2022-01-01,Data Analyst,SE,FT,149000,US,US,M,100,USD,149000.0,149000.0
2022-01-01,Data Analyst,SE,FT,52500,US,US,M,0,USD,52500.0,52500.0
2022-01-01,Data Analyst,SE,FT,116150,US,US,M,100,USD,116150.0,116150.0
2022-01-01,Data Analyst,EN,FT,55000,US,US,S,100,USD,55000.0,55000.0
2022-01-01,Data Analyst,EN,FT,55000,US,US,M,0,USD,55000.0,55000.0
2022-01-01,Data Analyst,SE,FT,55000,US,US,M,100,USD,55000.0,55000.0
2022-01-01,Data Analyst,MI,FT,66100,US,US,M,100,USD,66100.0,66100.0
2022-01-01,Data Analyst,MI,FT,124000,US,US,M,0,USD,124000.0,124000.0
2022-01-01,Data Analyst,SE,FT,116000,US,US,M,100,USD,116000.0,116000.0
2022-01-01,Data Analyst,SE,FT,116000,US,US,M,0,USD,116000.0,116000.0
2022-01-01,Data Analyst,SE,FT,120600,US,US,M,100,USD,120600.0,120600.0
2022-01-01,Data Analyst,SE,FT,155000,US,US,M,100,USD,155000.0,155000.0
2023-01-01,Data Analyst,SE,FT,125000,US,US,M,0,USD,125000.0,125000.0
2023-01-01,Data Analyst,SE,FT,125000,US,US,M,100,USD,125000.0,125000.0
2023-01-01,Data Analyst,SE,FT,130000,US,US,M,0,USD,130000.0,130000.0
2023-01-01,Data Analyst,EX,FT,125000,US,US,M,100,USD,125000.0,125000.0
2023-01-01,Data Analyst,MI,FT,125000,US,US,M,0,USD,125000.0,125000.0
2023-01-01,Data Analyst,SE,FT,130000,US,US,M,100,USD,130000.0,130000.0
2023-01-01,Data Analyst,EX,FT,125000,US,US,M,0,USD,125000.0,125000.0
2023-01-01,Data Analyst,MI,FT,123000,US,US,M,100,USD,123000.0,123000.0
2023-01-01,Data Analyst,SE,FT,123400,US,US,M,100,USD,123400.0,123400.0
2023-01-01,Data Analyst,MI,FT,124000,US,US,M,0,USD,124000.0,124000.0
2023-01-01,Data Analyst,SE,FT,124000,US,US,M,0,USD,124000.0,124000.0
2023-01-01,Data Analyst,SE,FT,123900,US,US,M,100,USD,123900.0,123900.0
2023-01-01,Data Analyst,MI,FT,130000,US,US,M,0,USD,130000.0,130000.0
2023-01-01,Data Analyst,EN,FT,125000,US,US,M,0,USD,125000.0,125000.0
2023-01-01,Data Analyst,SE,FT,130000,US,US,S,100,USD,130000.0,130000.0
2023-01-01,Data Analyst,SE,FT,120000,US,US,M,0,USD,120000.0,120000.0
2023-01-01,Data Analyst,SE,FT,129000,CA,CA,M,100,USD,129000.0,129000.0
2023-01-01,Data Analyst,SE,FT,129000,US,US,M,0,USD,129000.0,129000.0
2023-01-01,Data Analyst,SE,FT,129150,US,US,M,0,USD,129150.0,129150.0
2023-01-01,Data Analyst,SE,FT,120000,US,US,M,100,USD,120000.0,120000.0
2023-01-01,Data Analyst,MI,FT,120000,US,US,M,100,USD,120000.0,120000.0
2023-01-01,Data Analyst,MI,FT,127075,US,US,M,100,USD,127075.0,127075.0
2023-01-01,Data Analyst,SE,FT,127075,US,US,M,100,USD,127075.0,127075.0
2023-01-01,Data Analyst,MI,FT,120000,US,US,M,0,USD,120000.0,120000.0
2023-01-01,Data Analyst,MI,FT,121000,US,US,M,0,USD,121000.0,121000.0
2023-01-01,Data Analyst,SE,FT,120350,US,US,M,100,USD,120350.0,120350.0
2023-01-01,Data Analyst,MI,FT,128000,US,US,M,0,USD,128000.0,128000.0
2023-01-01,Data Analyst,SE,FT,120500,US,US,M,100,USD,120500.0,120500.0
2023-01-01,Data Analyst,SE,FT,128000,US,US,M,0,USD,128000.0,128000.0
2023-01-01,Data Analyst,SE,FT,120350,US,US,M,0,USD,120350.0,120350.0
2023-01-01,Data Analyst,SE,FT,127876,US,US,M,100,USD,127876.0,127876.0
2023-01-01,Data Analyst,SE,FT,120250,US,US,M,100,USD,120250.0,120250.0
2023-01-01,Data Analyst,SE,FT,128500,US,US,M,0,USD,128500.0,128500.0
2023-01-01,Data Analyst,SE,FT,120000,CA,CA,M,0,USD,120000.0,120000.0
2023-01-01,Data Analyst,SE,FT,120000,GB,GB,M,0,USD,120000.0,120000.0
2023-01-01,Data Analyst,MI,FT,125000,US,US,M,100,USD,125000.0,125000.0
2023-01-01,Data Analyst,SE,FT,125600,US,US,M,0,USD,125600.0,125600.0
2023-01-01,Data Analyst,SE,FT,122000,US,US,M,0,USD,122000.0,122000.0
2023-01-01,Data Analyst,SE,FT,122000,US,US,M,100,USD,122000.0,122000.0
2023-01-01,Data Analyst,SE,FT,125600,US,US,M,100,USD,125600.0,125600.0
2023-01-01,Data Analyst,MI,FT,130000,CA,CA,M,100,USD,130000.0,130000.0
2023-01-01,Financial Data Analyst,MI,FT,130000,US,US,L,100,USD,130000.0,130000.0
2023-01-01,Data Analyst,SE,FT,122720,US,US,M,0,USD,122720.0,122720.0
2023-01-01,Data Analyst,SE,FT,122500,US,US,M,100,USD,122500.0,122500.0
2023-01-01,Data Analyst,SE,FT,126500,US,US,M,100,USD,126500.0,126500.0
2023-01-01,Data Analyst,MI,FT,121500,US,US,M,0,USD,121500.0,121500.0
2023-01-01,Data Analyst,SE,FT,126500,US,US,M,0,USD,126500.0,126500.0
2023-01-01,Data Analyst,SE,FT,121600,US,US,M,100,USD,121600.0,121600.0
2023-01-01,Data Analyst,SE,FT,127000,US,US,M,100,USD,127000.0,127000.0
2023-01-01,Data Analyst,SE,FT,121700,US,US,M,0,USD,121700.0,121700.0
2023-01-01,Data Analyst,SE,FT,121904,US,US,M,0,USD,121904.0,121904.0
2023-01-01,Data Analyst,SE,FT,126000,US,US,M,0,USD,126000.0,126000.0
2023-01-01,Data Analyst,MI,FT,126000,US,US,M,0,USD,126000.0,126000.0
2023-01-01,Data Analyst,SE,FT,126277,US,US,M,100,USD,126277.0,126277.0
2023-01-01,Data Analyst,SE,FT,145000,US,US,M,100,USD,145000.0,145000.0
2023-01-01,Data Analyst,SE,FT,145000,US,US,M,0,USD,145000.0,145000.0
2023-01-01,Data Analyst,SE,FT,143520,US,US,M,0,USD,143520.0,143520.0
2023-01-01,Data Analyst,SE,FT,144100,US,US,M,100,USD,144100.0,144100.0
2023-01-01,Data Analyst,SE,FT,144000,US,US,M,100,USD,144000.0,144000.0
2023-01-01,Data Analyst,EX,FT,145000,US,US,M,0,USD,145000.0,145000.0
2023-01-01,Data Analyst,SE,FT,143000,CA,CA,M,100,USD,143000.0,143000.0
2023-01-01,Data Analyst,SE,FT,142000,US,US,M,100,USD,142000.0,142000.0
2023-01-01,Data Analyst,SE,FT,142000,US,US,M,0,USD,142000.0,142000.0
2023-01-01,Data Analyst,SE,FT,141290,US,US,M,0,USD,141290.0,141290.0
2023-01-01,Data Analyst,MI,FT,142000,US,US,M,0,USD,142000.0,142000.0
2023-01-01,Data Analyst,SE,FT,140700,US,US,M,100,USD,140700.0,140700.0
2023-01-01,Data Analyst,SE,FT,140130,US,US,M,0,USD,140130.0,140130.0
2023-01-01,Data Analyst,SE,FT,143000,US,US,M,100,USD,143000.0,143000.0
2023-01-01,Data Analyst,MI,FT,142500,AU,AU,M,0,USD,142500.0,142500.0
2023-01-01,Data Analyst,MI,FT,143000,US,US,M,0,USD,143000.0,143000.0
2023-01-01,Data Analyst,SE,FT,150000,US,US,M,100,USD,150000.0,150000.0
2023-01-01,Data Analyst,SE,FT,150000,US,US,M,0,USD,150000.0,150000.0
2023-01-01,Data Analyst,EN,FT,150000,US,US,M,0,USD,150000.0,150000.0
2023-01-01,Data Analyst,MI,FT,150000,US,US,M,100,USD,150000.0,150000.0
2023-01-01,Data Analyst,MI,FT,150000,US,US,M,0,USD,150000.0,150000.0
2023-01-01,Data Analyst,SE,FT,146200,US,US,M,0,USD,146200.0,146200.0
2023-01-01,Data Analyst,SE,FT,146190,US,US,M,0,USD,146190.0,146190.0
2023-01-01,Data Analyst,SE,FT,146850,US,US,M,0,USD,146850.0,146850.0
2023-01-01,Data Analyst,SE,FT,147000,US,US,M,100,USD,147000.0,147000.0
2023-01-01,Data Analyst,SE,FT,145640,US,US,M,0,USD,145640.0,145640.0
2023-01-01,Data Analyst,SE,FT,145500,US,US,M,0,USD,145500.0,145500.0
2023-01-01,Data Analyst,MI,FT,149500,US,US,M,100,USD,149500.0,149500.0
2023-01-01,Data Analyst,SE,FT,149500,US,US,M,100,USD,149500.0,149500.0
2023-01-01,Data Analyst,SE,FT,149200,CA,CA,M,100,USD,149200.0,149200.0
2023-01-01,Data Analyst,MI,FT,149000,US,US,M,0,USD,149000.0,149000.0
2023-01-01,Data Analyst,MI,FT,147600,US,US,M,0,USD,147600.0,147600.0
2023-01-01,Data Analyst,SE,FT,148000,US,US,M,0,USD,148000.0,148000.0
2023-01-01,Data Analyst,SE,FT,148700,US,US,M,0,USD,148700.0,148700.0
2023-01-01,Data Analyst,SE,FT,148500,US,US,M,0,USD,148500.0,148500.0
2023-01-01,Data Analyst,SE,FT,135000,US,US,M,100,USD,135000.0,135000.0
2023-01-01,Data Analyst,SE,FT,135000,US,US,M,0,USD,135000.0,135000.0
2023-01-01,Data Analyst,SE,FT,135000,CA,CA,M,100,USD,135000.0,135000.0
2023-01-01,Data Analyst,SE,FT,134200,US,US,M,0,USD,134200.0,134200.0
2023-01-01,Data Analyst,SE,FT,134200,GB,GB,M,0,USD,134200.0,134200.0
2023-01-01,Data Analyst,MI,FT,134000,US,US,M,100,USD,134000.0,134000.0
2023-01-01,Data Analyst,SE,FT,134500,US,US,M,100,USD,134500.0,134500.0
2023-01-01,Data Analyst,MI,FT,135000,US,US,M,0,USD,135000.0,135000.0
2023-01-01,Data Analyst,SE,FT,136000,US,US,M,100,USD,136000.0,136000.0
2023-01-01,Data Analyst,SE,FT,134000,US,US,M,100,USD,134000.0,134000.0
2023-01-01,Data Analyst,MI,FT,131000,US,US,M,0,USD,131000.0,131000.0
2023-01-01,Data Analyst,SE,FT,131000,US,US,M,0,USD,131000.0,131000.0
2023-01-01,Data Analyst,SE,FT,131325,US,US,M,100,USD,131325.0,131325.0
2023-01-01,Data Analyst,SE,FT,132000,US,US,M,0,USD,132000.0,132000.0
2023-01-01,Data Analyst,SE,FT,132000,US,US,M,100,USD,132000.0,132000.0
2023-01-01,Data Analyst,SE,FT,131712,US,US,M,0,USD,131712.0,131712.0
2023-01-01,Data Analyst,SE,FT,131685,GB,GB,M,0,USD,131685.0,131685.0
2023-01-01,Data Analyst,SE,FT,131650,US,US,M,0,USD,131650.0,131650.0
2023-01-01,Data Analyst,MI,FT,131650,US,US,M,0,USD,131650.0,131650.0
2023-01-01,Data Analyst,EN,FT,131600,US,US,M,100,USD,131600.0,131600.0
2023-01-01,Data Analyst,MI,FT,130100,US,US,M,0,USD,130100.0,130100.0
2023-01-01,Data Analyst,MI,FT,133000,US,US,M,0,USD,133000.0,133000.0
2023-01-01,Data Analyst,EN,FT,133000,US,US,M,0,USD,133000.0,133000.0
2023-01-01,Data Analyst,SE,FT,133300,US,US,M,0,USD,133300.0,133300.0
2023-01-01,Data Analyst,SE,FT,133300,US,US,M,100,USD,133300.0,133300.0
2023-01-01,Data Analyst,EN,FT,132000,US,US,M,0,USD,132000.0,132000.0
2023-01-01,Data Analyst,SE,FT,132500,US,US,M,100,USD,132500.0,132500.0
2023-01-01,Data Analyst,SE,FT,133000,US,US,M,100,USD,133000.0,133000.0
2023-01-01,Data Analyst,EN,FT,132600,US,US,M,100,USD,132600.0,132600.0
2023-01-01,Data Analyst,SE,FT,140000,US,US,M,0,USD,140000.0,140000.0
2023-01-01,Data Analyst,SE,FT,140000,US,US,M,100,USD,140000.0,140000.0
2023-01-01,Data Analyst,SE,FT,140000,GB,GB,M,100,USD,140000.0,140000.0
2023-01-01,Data Analyst,SE,FT,139600,US,US,M,0,USD,139600.0,139600.0
2023-01-01,Data Analyst,SE,FT,136505,US,US,M,100,USD,136505.0,136505.0
2023-01-01,Data Analyst,SE,FT,138000,US,US,M,100,USD,138000.0,138000.0
2023-01-01,Data Analyst,SE,FT,137000,US,US,M,100,USD,137000.0,137000.0
2023-01-01,Data Analyst,EN,FT,137500,US,US,M,0,USD,137500.0,137500.0
2023-01-01,Data Analyst,SE,FT,137500,US,US,M,0,USD,137500.0,137500.0
2023-01-01,Data Analyst,SE,FT,138000,US,US,M,0,USD,138000.0,138000.0
2023-01-01,Data Analyst,SE,FT,139000,US,US,M,0,USD,139000.0,139000.0
2023-01-01,Data Analyst,SE,FT,138900,US,US,M,0,USD,138900.0,138900.0
2023-01-01,Data Analyst,SE,FT,138240,US,US,M,100,USD,138240.0,138240.0
2023-01-01,Data Analyst,SE,FT,138860,US,US,M,0,USD,138860.0,138860.0
2023-01-01,Data Analyst,SE,FT,138800,US,US,M,0,USD,138800.0,138800.0
2023-01-01,Data Analyst,SE,FT,75000,US,US,M,0,USD,75000.0,75000.0
2023-01-01,Data Analyst,SE,FT,75000,US,US,M,100,USD,75000.0,75000.0
2023-01-01,Data Analyst,SE,FT,75000,GB,GB,M,0,GBP,92280.0,75000.0
2023-01-01,Data Analyst,MI,FT,75000,GB,GB,M,0,GBP,92280.0,75000.0
2023-01-01,Data Analyst,MI,FT,75000,US,US,M,0,USD,75000.0,75000.0
2023-01-01,Data Analyst,EN,FT,75000,US,US,M,0,USD,75000.0,75000.0
2023-01-01,Data Analyst,MI,FT,75000,US,US,M,100,USD,75000.0,75000.0
2023-01-01,Data Analyst,EN,FT,75000,US,US,M,100,USD,75000.0,75000.0
2023-01-01,Data Analyst,EN,FT,75000,GB,GB,M,0,GBP,92280.0,75000.0
2023-01-01,Data Analyst,EN,FT,79350,US,US,M,100,USD,79350.0,79350.0
2023-01-01,Data Analyst,SE,FT,79000,US,US,M,0,USD,79000.0,79000.0
2023-01-01,Data Analyst,MI,FT,79000,US,US,M,0,USD,79000.0,79000.0
2023-01-01,Data Analyst,SE,FT,78400,US,US,L,100,USD,78400.0,78400.0
2023-01-01,Data Analyst,SE,FT,78000,CA,CA,M,100,USD,78000.0,78000.0
2023-01-01,Data Analyst,SE,FT,78000,US,US,M,100,USD,78000.0,78000.0
2023-01-01,Data Analyst,MI,FT,78000,US,US,M,0,USD,78000.0,78000.0
2023-01-01,Business Data Analyst,SE,FT,78000,US,US,L,100,USD,78000.0,78000.0
2023-01-01,Data Analyst,EN,FT,75065,US,US,M,100,USD,75065.0,75065.0
2023-01-01,Data Analyst,SE,FT,78000,US,US,M,0,USD,78000.0,78000.0
2023-01-01,Data Analyst,EN,PT,78000,PL,IN,L,100,PLN,18160.0,78000.0
2023-01-01,Data Analyst,SE,FT,77000,US,US,M,0,USD,77000.0,77000.0
2023-01-01,Data Analyst,SE,FT,76000,US,US,M,0,USD,76000.0,76000.0
2023-01-01,Data Analyst,MI,FT,74800,US,US,M,0,USD,74800.0,74800.0
2023-01-01,Data Analyst,MI,FT,70600,US,US,M,0,USD,70600.0,70600.0
2023-01-01,Data Analyst,SE,FT,70374,US,US,M,0,USD,70374.0,70374.0
2023-01-01,Data Analyst,MI,FT,70000,PH,PH,M,0,USD,70000.0,70000.0
2023-01-01,Data Analyst,MI,FT,70000,US,US,M,100,USD,70000.0,70000.0
2023-01-01,Data Analyst,MI,FT,70900,US,US,M,0,USD,70900.0,70900.0
2023-01-01,Data Analyst,MI,FT,72000,US,US,M,0,USD,72000.0,72000.0
2023-01-01,Data Analyst,EN,FT,71615,US,US,M,0,USD,71615.0,71615.0
2023-01-01,Data Analyst,EX,FT,70000,US,US,M,0,USD,70000.0,70000.0
2023-01-01,Data Analyst,SE,FT,70000,US,US,M,0,USD,70000.0,70000.0
2023-01-01,Data Analyst,MI,FT,70000,GB,GB,L,50,GBP,86128.0,70000.0
2023-01-01,Data Analyst,MI,FT,70000,US,US,M,0,USD,70000.0,70000.0
2023-01-01,Data Analyst,SE,FT,70000,US,US,M,100,USD,70000.0,70000.0
2023-01-01,Data Analyst,EX,FT,70000,US,US,M,100,USD,70000.0,70000.0
2023-01-01,Data Analyst,SE,FT,72000,US,US,M,100,USD,72000.0,72000.0
2023-01-01,Data Analyst,SE,FT,73500,US,US,M,100,USD,73500.0,73500.0
2023-01-01,Data Analyst,SE,FT,74400,US,US,M,100,USD,74400.0,74400.0
2023-01-01,Data Analyst,SE,FT,74400,US,US,M,0,USD,74400.0,74400.0
2023-01-01,Data Analyst,EN,FT,74300,US,US,M,100,USD,74300.0,74300.0
2023-01-01,Data Analyst,SE,FT,74178,US,US,M,0,USD,74178.0,74178.0
2023-01-01,Data Analyst,EN,FT,72500,US,US,M,0,USD,72500.0,72500.0
2023-01-01,Data Analyst,MI,FT,72400,GB,GB,M,0,USD,72400.0,72400.0
2023-01-01,Data Analyst,SE,FT,72250,US,US,M,100,USD,72250.0,72250.0
2023-01-01,Data Analyst,SE,FT,80000,US,US,M,100,USD,80000.0,80000.0
2023-01-01,Data Analyst,SE,FT,73100,US,US,M,0,USD,73100.0,73100.0
2023-01-01,Data Analyst,MI,FT,73100,US,US,M,0,USD,73100.0,73100.0
2023-01-01,Data Analyst,SE,FT,73000,US,US,M,0,USD,73000.0,73000.0
2023-01-01,Data Analyst,MI,FT,80000,US,US,M,0,USD,80000.0,80000.0
2023-01-01,Data Analyst,SE,FT,85000,US,US,M,100,USD,85000.0,85000.0
2023-01-01,Data Analyst,SE,FT,85000,US,US,M,0,USD,85000.0,85000.0
2023-01-01,Data Analyst,MI,FT,85000,US,US,M,0,USD,85000.0,85000.0
2023-01-01,Data Analyst,EN,FT,85000,US,US,M,100,USD,85000.0,85000.0
2023-01-01,BI Data Analyst,EN,FT,85000,CA,US,M,100,USD,85000.0,85000.0
2023-01-01,Data Analyst,SE,FT,84400,US,US,M,0,USD,84400.0,84400.0
2023-01-01,Data Analyst,SE,FT,84000,CO,CO,M,100,USD,84000.0,84000.0
2023-01-01,Data Analyst,SE,FT,84870,US,US,M,0,USD,84870.0,84870.0
2023-01-01,Data Analyst,MI,FT,87500,US,US,M,100,USD,87500.0,87500.0
2023-01-01,Data Analyst,SE,FT,87500,US,US,M,0,USD,87500.0,87500.0
2023-01-01,Data Analyst,SE,FT,87000,US,US,M,100,USD,87000.0,87000.0
2023-01-01,Data Analyst,SE,FT,86720,US,US,M,100,USD,86720.0,86720.0
2023-01-01,Data Analyst,SE,FT,86600,US,US,M,100,USD,86600.0,86600.0
2023-01-01,Data Analyst,EX,FT,87500,US,US,M,0,USD,87500.0,87500.0
2023-01-01,Data Analyst,SE,FT,89100,US,US,M,100,USD,89100.0,89100.0
2023-01-01,Data Analyst,EN,FT,89030,US,US,M,0,USD,89030.0,89030.0
2023-01-01,Data Analyst,SE,FT,89000,US,US,M,0,USD,89000.0,89000.0
2023-01-01,Data Analyst,EN,FT,88200,US,US,M,100,USD,88200.0,88200.0
2023-01-01,Data Analyst,SE,FT,88052,US,US,M,100,USD,88052.0,88052.0
2023-01-01,Data Analyst,SE,FT,88000,US,US,M,100,USD,88000.0,88000.0
2023-01-01,Data Analyst,MI,FT,88000,US,US,M,0,USD,88000.0,88000.0
2023-01-01,Data Analyst,SE,FT,86466,US,US,M,100,USD,86466.0,86466.0
2023-01-01,Data Analyst,SE,FT,85500,US,US,M,0,USD,85500.0,85500.0
2023-01-01,Data Analyst,EN,FT,85256,US,US,M,0,USD,85256.0,85256.0
2023-01-01,Data Analyst,MI,FT,85000,US,US,M,100,USD,85000.0,85000.0
2023-01-01,Data Analyst,SE,FT,85700,US,US,M,0,USD,85700.0,85700.0
2023-01-01,Data Analyst,MI,FT,86400,US,US,M,0,USD,86400.0,86400.0
2023-01-01,Data Analyst,EN,FT,86000,US,US,M,0,USD,86000.0,86000.0
2023-01-01,Data Analyst,EN,FT,86500,US,US,L,0,USD,86500.0,86500.0
2023-01-01,Data Analyst,SE,FT,83700,US,US,M,100,USD,83700.0,83700.0
2023-01-01,Data Analyst,SE,FT,80000,US,US,M,0,USD,80000.0,80000.0
2023-01-01,Data Analyst,MI,FT,80000,US,US,M,100,USD,80000.0,80000.0
2023-01-01,Data Analyst,EN,FT,80000,US,US,M,0,USD,80000.0,80000.0
2023-01-01,Data Analyst,EN,FT,80000,US,US,M,100,USD,80000.0,80000.0
2023-01-01,Data Analyst,SE,FT,80000,PL,PL,M,100,USD,80000.0,80000.0
2023-01-01,Data Analyst,MI,FT,80000,GB,GB,M,0,GBP,98432.0,80000.0
2023-01-01,Data Analyst,SE,FT,80000,US,US,S,100,USD,80000.0,80000.0
2023-01-01,Data Analyst,EX,FT,80000,US,US,M,0,USD,80000.0,80000.0
2023-01-01,Data Analyst,SE,FT,82500,US,US,M,100,USD,82500.0,82500.0
2023-01-01,Data Analyst,EN,FT,82400,US,US,M,100,USD,82400.0,82400.0
2023-01-01,Data Analyst,SE,FT,82200,US,US,M,100,USD,82200.0,82200.0
2023-01-01,Data Analyst,SE,FT,82000,US,US,M,0,USD,82000.0,82000.0
2023-01-01,Data Analyst,SE,FT,81900,US,US,M,0,USD,81900.0,81900.0
2023-01-01,Data Analyst,SE,FT,82500,US,US,M,0,USD,82500.0,82500.0
2023-01-01,Data Analyst,MI,FT,83500,US,US,M,100,USD,83500.0,83500.0
2023-01-01,Data Analyst,SE,FT,83376,GB,GB,M,0,GBP,102586.0,83376.0
2023-01-01,Data Analyst,EN,FT,83300,US,US,M,0,USD,83300.0,83300.0
2023-01-01,Product Data Analyst,EN,CT,83200,US,US,S,50,USD,83200.0,83200.0
2023-01-01,Data Analyst,EN,FT,83000,US,US,M,0,USD,83000.0,83000.0
2023-01-01,Data Analyst,MI,FT,83000,US,US,M,100,USD,83000.0,83000.0
2023-01-01,Data Analyst,SE,FT,83000,US,US,M,100,USD,83000.0,83000.0
2023-01-01,Data Analyst,SE,FT,81900,US,US,M,100,USD,81900.0,81900.0
2023-01-01,Data Analyst,SE,FT,80850,US,US,M,0,USD,80850.0,80850.0
2023-01-01,Data Analyst,EN,FT,80800,US,US,M,0,USD,80800.0,80800.0
2023-01-01,Data Analyst,EN,FT,81500,US,US,M,100,USD,81500.0,81500.0
2023-01-01,Data Analyst,SE,FT,81800,US,US,M,0,USD,81800.0,81800.0
2023-01-01,Data Analyst,SE,FT,81800,GB,GB,M,0,USD,81800.0,81800.0
2023-01-01,Data Analyst,SE,FT,81666,US,US,M,100,USD,81666.0,81666.0
2023-01-01,Data Analyst,EN,FT,47840,US,US,M,0,USD,47840.0,47840.0
2023-01-01,Data Analyst,EN,FT,47500,US,US,M,0,USD,47500.0,47500.0
2023-01-01,Data Analyst,MI,FT,46500,US,US,M,0,USD,46500.0,46500.0
2023-01-01,Data Analyst,SE,FT,46200,US,US,M,0,USD,46200.0,46200.0
2023-01-01,Data Analyst,MI,FT,49000,US,US,M,0,USD,49000.0,49000.0
2023-01-01,Data Analyst,EN,FT,48000,US,US,M,0,GBP,59059.0,48000.0
2023-01-01,Data Analyst,MI,FT,48000,US,US,M,100,USD,48000.0,48000.0
2023-01-01,Data Analyst,EN,FT,48000,US,US,M,0,USD,48000.0,48000.0
2023-01-01,Data Analyst,SE,FT,48000,ES,ES,M,100,EUR,51824.0,48000.0
2023-01-01,Data Analyst,SE,FT,48000,ES,ES,M,0,EUR,51824.0,48000.0
2023-01-01,Data Analyst,MI,FT,45000,GB,GB,M,0,GBP,55368.0,45000.0
2023-01-01,Data Analyst,SE,FT,45000,CF,CF,M,100,GBP,55368.0,45000.0
2023-01-01,Data Analyst,EN,FT,44000,GB,GB,M,0,GBP,54137.0,44000.0
2023-01-01,Data Analyst,MI,FT,45000,GB,GB,M,100,GBP,55368.0,45000.0
2023-01-01,Data Analyst,MI,FT,45000,PT,PT,M,100,EUR,48585.0,45000.0
2023-01-01,Data Analyst,MI,FT,49200,EE,EE,M,0,EUR,53120.0,49200.0
2023-01-01,Data Analyst,SE,FT,51962,US,US,M,0,USD,51962.0,51962.0
2023-01-01,Data Analyst,SE,FT,51962,US,US,M,100,USD,51962.0,51962.0
2023-01-01,Data Analyst,SE,FT,51000,US,US,M,0,USD,51000.0,51000.0
2023-01-01,Admin & Data Analyst,EN,FT,50000,DE,DE,M,0,USD,50000.0,50000.0
2023-01-01,Data Analyst,MI,FT,50000,US,US,M,0,USD,50000.0,50000.0
2023-01-01,Data Analyst,EN,FT,50000,US,US,M,0,USD,50000.0,50000.0
2023-01-01,Data Analyst,MI,FT,52500,US,US,M,100,USD,52500.0,52500.0
2023-01-01,Data Analyst,SE,FT,52500,US,US,M,0,USD,52500.0,52500.0
2023-01-01,Data Analyst,MI,FT,52500,US,US,M,0,USD,52500.0,52500.0
2023-01-01,Data Analyst,MI,FT,52100,US,US,M,0,USD,52100.0,52100.0
2023-01-01,Data Analyst,SE,FT,52000,US,US,M,0,USD,52000.0,52000.0
2023-01-01,Data Analyst,SE,FT,52000,ES,ES,M,100,EUR,56143.0,52000.0
2023-01-01,Data Analyst,EN,FT,50000,GB,GB,M,0,GBP,61520.0,50000.0
2023-01-01,Data Analyst,SE,FT,49200,EE,EE,M,0,EUR,53120.0,49200.0
2023-01-01,Data Analyst,MI,FT,50000,US,US,M,100,USD,50000.0,50000.0
2023-01-01,Data Analyst,EN,FT,50000,US,US,M,100,USD,50000.0,50000.0
2023-01-01,Data Analyst,MI,FT,50000,GB,GB,M,0,GBP,61520.0,50000.0
2023-01-01,Data Analyst,EN,FT,50000,KW,US,L,50,USD,50000.0,50000.0
2023-01-01,Data Analyst,SE,FT,50000,GB,GB,M,0,GBP,61520.0,50000.0
2023-01-01,BI Data Analyst,EN,FT,50000,KE,KE,S,100,USD,50000.0,50000.0
2023-01-01,Data Analyst,MI,FT,43000,SI,SI,M,0,EUR,46426.0,43000.0
2023-01-01,Data Analyst,MI,FT,42400,US,US,M,0,USD,42400.0,42400.0
2023-01-01,Data Analyst,SE,FT,35000,CF,CF,M,100,GBP,43064.0,35000.0
2023-01-01,Data Analyst,EN,FT,34160,AU,AU,M,0,GBP,42030.0,34160.0
2023-01-01,Data Analyst,EN,FT,34000,GB,GB,M,0,GBP,41833.0,34000.0
2023-01-01,Data Analyst,MI,FT,35000,GB,GB,M,0,GBP,43064.0,35000.0
2023-01-01,Data Analyst,EN,FT,33995,GB,GB,M,0,GBP,41827.0,33995.0
2023-01-01,Data Analyst,MI,FT,31200,EE,EE,M,0,EUR,33686.0,31200.0
2023-01-01,Data Analyst,EN,FT,30839,GB,GB,M,0,GBP,37944.0,30839.0
2023-01-01,Data Analyst,EN,FT,35700,GB,GB,M,0,GBP,43925.0,35700.0
2023-01-01,Business Data Analyst,MI,CT,35000,PH,US,M,100,USD,35000.0,35000.0
2023-01-01,Data Analyst,EN,FT,35000,GB,GB,M,0,GBP,43064.0,35000.0
2023-01-01,Data Analyst,SE,FT,30000,GB,GB,S,100,GBP,36912.0,30000.0
2023-01-01,Data Analyst,EN,FT,23000,GB,GB,M,0,GBP,28299.0,23000.0
2023-01-01,Business Data Analyst,EN,FT,20000,ES,ES,M,0,EUR,21593.0,20000.0
2023-01-01,Data Analyst Lead,EN,FT,18000,NG,NG,S,100,USD,18000.0,18000.0
2023-01-01,Business Data Analyst,MI,FT,17000,AM,RU,L,100,USD,17000.0,17000.0
2023-01-01,BI Data Analyst,EN,FT,25000,UA,NL,M,100,USD,25000.0,25000.0
2023-01-01,Compliance Data Analyst,EN,FT,30000,NG,NG,L,100,USD,30000.0,30000.0
2023-01-01,Data Analyst,EN,FT,30000,IN,IN,M,50,USD,30000.0,30000.0
2023-01-01,Data Analyst,EN,FT,30000,AR,US,S,100,USD,30000.0,30000.0
2023-01-01,Data Analyst,EN,FT,27000,GB,GB,M,0,GBP,33220.0,27000.0
2023-01-01,Data Analyst,EN,FT,26800,GB,GB,M,0,GBP,32974.0,26800.0
2023-01-01,Data Analyst,EN,FT,25000,GR,GB,S,100,EUR,26992.0,25000.0
2023-01-01,Data Analyst,MI,FT,40000,GB,GB,M,0,GBP,49216.0,40000.0
2023-01-01,Data Analyst,MI,FT,40000,PT,PT,M,100,EUR,43187.0,40000.0
2023-01-01,Data Analyst,EN,FT,40000,GB,GB,M,0,GBP,49216.0,40000.0
2023-01-01,Finance Data Analyst,EN,FT,40000,NG,NG,S,0,USD,40000.0,40000.0
2023-01-01,Data Analyst,EN,FT,40000,US,US,M,100,USD,40000.0,40000.0
2023-01-01,Data Analyst,EN,FT,41419,US,US,M,100,USD,41419.0,41419.0
2023-01-01,Data Analyst,EN,FT,40400,US,US,L,0,USD,40400.0,40400.0
2023-01-01,Data Analyst,MI,FT,36000,EE,EE,M,0,EUR,38868.0,36000.0
2023-01-01,Data Analyst,MI,FT,36000,US,US,M,100,USD,36000.0,36000.0
2023-01-01,Data Analyst,SE,FT,36000,EE,EE,M,0,EUR,38868.0,36000.0
2023-01-01,Business Data Analyst,MI,FL,36000,GH,GH,S,0,USD,36000.0,36000.0
2023-01-01,Data Analyst,MI,FT,36000,GB,GB,M,100,GBP,44294.0,36000.0
2023-01-01,Data Analyst,MI,FT,36000,SI,SI,M,0,EUR,38868.0,36000.0
2023-01-01,Data Analyst,EN,FT,39000,US,US,M,0,GBP,47985.0,39000.0
2023-01-01,Data Analyst,MI,FT,39000,DE,DE,M,50,EUR,42107.0,39000.0
2023-01-01,Data Analyst,EN,FT,38393,AU,AU,M,0,GBP,47238.0,38393.0
2023-01-01,Data Analyst,MI,FT,38000,GB,GB,M,0,GBP,46755.0,38000.0
2023-01-01,Data Analyst,SE,FT,38000,ES,ES,M,0,EUR,41027.0,38000.0
2023-01-01,Data Analyst,MI,FT,36050,GB,GB,M,100,GBP,44356.0,36050.0
2023-01-01,Data Analyst,MI,FT,36050,GB,GB,M,0,GBP,44356.0,36050.0
2023-01-01,Data Analyst,SE,FT,65000,US,US,M,0,USD,65000.0,65000.0
2023-01-01,Data Analyst,MI,FT,65000,US,US,M,100,USD,65000.0,65000.0
2023-01-01,Data Analyst,MI,FT,65000,GB,GB,M,100,GBP,79976.0,65000.0
2023-01-01,Data Analyst,MI,FT,65000,GB,GB,M,0,GBP,79976.0,65000.0
2023-01-01,Business Data Analyst,SE,FT,65000,ES,GI,L,100,GBP,79976.0,65000.0
2023-01-01,Data Analyst,SE,FT,65000,US,US,M,100,USD,65000.0,65000.0
2023-01-01,Data Analyst,MI,FT,65000,US,US,M,0,USD,65000.0,65000.0
2023-01-01,Data Analyst,EN,FT,65000,GB,GB,M,0,GBP,79976.0,65000.0
2023-01-01,Data Analyst,SE,FT,62000,US,US,M,0,USD,62000.0,62000.0
2023-01-01,Data Analyst,MI,FT,61800,US,US,M,100,USD,61800.0,61800.0
2023-01-01,Data Analyst,EN,FT,61800,US,US,M,100,USD,61800.0,61800.0
2023-01-01,Data Analyst,EN,FT,61200,US,US,M,0,USD,61200.0,61200.0
2023-01-01,Data Analyst,MI,FT,61200,US,US,M,0,USD,61200.0,61200.0
2023-01-01,Data Analyst,EN,FT,60000,US,US,M,0,USD,60000.0,60000.0
2023-01-01,Data Analyst,EN,FT,64200,US,US,M,100,USD,64200.0,64200.0
2023-01-01,Data Analyst,EN,FT,64000,US,US,M,0,USD,64000.0,64000.0
2023-01-01,Data Analyst,SE,FT,64000,US,US,M,100,USD,64000.0,64000.0
2023-01-01,Data Analyst,MI,FT,63600,US,US,M,0,USD,63600.0,63600.0
2023-01-01,Data Analyst,MI,FT,62500,US,US,M,100,USD,62500.0,62500.0
2023-01-01,Data Analyst,MI,FT,62000,US,US,M,0,USD,62000.0,62000.0
2023-01-01,Data Analyst,MI,FT,64500,US,US,M,0,USD,64500.0,64500.0
2023-01-01,Data Analyst,EN,FT,65000,US,US,M,0,USD,65000.0,65000.0
2023-01-01,Data Analyst,MI,FT,70000,GB,GB,M,0,GBP,86128.0,70000.0
2023-01-01,Data Analyst,MI,FT,69570,US,US,M,0,USD,69570.0,69570.0
2023-01-01,Data Analyst,MI,FT,69000,US,US,M,0,USD,69000.0,69000.0
2023-01-01,Data Analyst,SE,FT,68550,US,US,M,0,USD,68550.0,68550.0
2023-01-01,Data Analyst,EN,FT,69525,US,US,M,100,USD,69525.0,69525.0
2023-01-01,BI Data Analyst,MI,FT,70000,EG,US,M,100,USD,70000.0,70000.0
2023-01-01,Data Analyst,EN,FT,70000,US,US,M,0,USD,70000.0,70000.0
2023-01-01,Data Analyst,EN,FT,70000,US,US,M,100,USD,70000.0,70000.0
2023-01-01,Data Analyst,SE,FT,66000,US,US,M,0,USD,66000.0,66000.0
2023-01-01,Data Analyst,MI,FT,65300,US,US,M,0,USD,65300.0,65300.0
2023-01-01,Data Analyst,SE,FT,65004,GB,GB,M,0,GBP,79981.0,65004.0
2023-01-01,Data Analyst,MI,FT,66000,US,US,M,100,USD,66000.0,66000.0
2023-01-01,Data Analyst,MI,FT,68000,US,US,M,0,USD,68000.0,68000.0
2023-01-01,Lead Data Analyst,MI,FT,68000,US,US,L,0,USD,68000.0,68000.0
2023-01-01,Data Analyst,MI,FT,67500,US,US,M,0,USD,67500.0,67500.0
2023-01-01,Data Analyst,EN,FT,67500,US,US,M,0,USD,67500.0,67500.0
2023-01-01,Data Analyst,SE,FT,67000,US,US,M,100,USD,67000.0,67000.0
2023-01-01,BI Data Analyst,SE,FT,67000,DE,DE,M,100,EUR,72338.0,67000.0
2023-01-01,Data Analyst,MI,FT,66691,US,US,M,100,USD,66691.0,66691.0
2023-01-01,Data Analyst,EN,FT,55000,GB,GB,M,0,GBP,67672.0,55000.0
2023-01-01,Data Analyst,MI,FT,55000,US,US,M,0,USD,55000.0,55000.0
2023-01-01,Data Analyst,MI,FT,55000,GB,GB,M,0,GBP,67672.0,55000.0
2023-01-01,Data Analyst,EN,FT,57920,US,US,M,100,USD,57920.0,57920.0
2023-01-01,Data Analyst,MI,FT,57800,US,US,M,100,USD,57800.0,57800.0
2023-01-01,Product Data Analyst,SE,FT,57000,GE,RU,L,100,USD,57000.0,57000.0
2023-01-01,Financial Data Analyst,EN,FT,56500,US,US,L,50,USD,56500.0,56500.0
2023-01-01,Data Analyst,EN,FT,56100,US,US,M,100,USD,56100.0,56100.0
2023-01-01,Data Analyst,MI,FT,58161,US,US,M,0,USD,58161.0,58161.0
2023-01-01,Data Analyst,EN,FT,54000,US,US,M,0,USD,54000.0,54000.0
2023-01-01,Data Analyst,MI,FT,54000,US,US,M,100,USD,54000.0,54000.0
2023-01-01,Data Analyst,EN,FT,53800,US,US,M,0,USD,53800.0,53800.0
2023-01-01,Data Analyst,MI,FT,53000,US,US,M,100,USD,53000.0,53000.0
2023-01-01,Data Analyst,EN,FT,55000,US,US,M,0,USD,55000.0,55000.0
2023-01-01,Data Analyst,SE,FT,55000,US,US,M,100,USD,55000.0,55000.0
2023-01-01,Data Analyst,MI,FT,55000,US,US,M,100,USD,55000.0,55000.0
2023-01-01,Data Analyst,SE,FT,55000,GB,GB,M,0,GBP,67672.0,55000.0
2023-01-01,Data Analyst,EN,FT,55000,CA,CA,L,0,CAD,40747.0,55000.0
2023-01-01,Data Analyst,MI,FT,55000,DE,DE,L,50,EUR,59382.0,55000.0
2023-01-01,Data Analyst,EX,FT,55000,US,US,M,100,USD,55000.0,55000.0
2023-01-01,Data Analyst,SE,FT,55000,US,US,M,0,USD,55000.0,55000.0
2023-01-01,Data Analyst,MI,FT,60000,US,US,M,100,USD,60000.0,60000.0
2023-01-01,Data Analyst,MI,FT,60000,US,US,M,0,USD,60000.0,60000.0
2023-01-01,Compliance Data Analyst,EN,FT,60000,US,US,L,100,USD,60000.0,60000.0
2023-01-01,Data Analyst,MI,FT,60000,GB,GB,M,0,GBP,73824.0,60000.0
2023-01-01,Data Analyst,EN,FT,60000,US,US,M,100,USD,60000.0,60000.0
2023-01-01,Data Analyst,SE,FT,60000,US,US,M,0,USD,60000.0,60000.0
2023-01-01,Data Analyst,SE,FT,60000,GB,GB,M,0,GBP,73824.0,60000.0
2023-01-01,Data Analyst,EN,FT,60000,GB,GB,M,0,GBP,73824.0,60000.0
2023-01-01,Data Analyst,SE,FT,60000,CO,CO,M,100,USD,60000.0,60000.0
2023-01-01,BI Data Analyst,EN,FT,60000,AR,US,M,100,USD,60000.0,60000.0
2023-01-01,Data Analyst,MI,FT,59000,US,US,M,100,USD,59000.0,59000.0
2023-01-01,Data Analyst,MI,FT,58500,US,US,M,0,USD,58500.0,58500.0
2023-01-01,Data Analyst,EN,FT,58400,US,US,M,0,USD,58400.0,58400.0
2023-01-01,Data Analyst,MI,FT,58300,US,US,M,0,USD,58300.0,58300.0
2023-01-01,Data Analyst,SE,FT,59400,US,US,M,100,USD,59400.0,59400.0
2023-01-01,Data Analyst,MI,FT,59500,US,US,M,0,USD,59500.0,59500.0
2023-01-01,Data Analyst,MI,FT,60000,HR,HR,M,0,GBP,73824.0,60000.0
2023-01-01,Data Analyst,EN,FT,60000,US,US,L,100,USD,60000.0,60000.0
2023-01-01,Data Analyst,MI,FT,110000,US,US,M,100,USD,110000.0,110000.0
2023-01-01,Data Analyst,MI,FT,110000,US,US,M,0,USD,110000.0,110000.0
2023-01-01,Data Analyst,SE,FT,110000,GB,GB,M,100,USD,110000.0,110000.0
2023-01-01,Data Analyst,SE,FT,110000,US,US,M,0,USD,110000.0,110000.0
2023-01-01,Data Analyst,SE,FT,110000,US,US,M,100,USD,110000.0,110000.0
2023-01-01,Data Analyst,SE,FT,110000,US,US,S,100,USD,110000.0,110000.0
2023-01-01,Data Analyst,EN,FT,109900,US,US,M,0,USD,109900.0,109900.0
2023-01-01,Data Analyst,SE,FT,109600,US,US,M,100,USD,109600.0,109600.0
2023-01-01,Data Analyst,SE,FT,110600,US,US,M,0,USD,110600.0,110600.0
2023-01-01,Data Analyst,EN,FT,111000,US,US,M,0,USD,111000.0,111000.0
2023-01-01,Data Analyst,MI,FT,111151,US,US,M,100,USD,111151.0,111151.0
2023-01-01,Data Analyst,MI,FT,111000,US,US,M,0,USD,111000.0,111000.0
2023-01-01,Data Analyst,SE,FT,110000,PL,PL,M,100,USD,110000.0,110000.0
2023-01-01,Data Analyst,SE,FT,110000,US,US,L,100,USD,110000.0,110000.0
2023-01-01,Data Analyst,SE,FT,106400,US,US,M,0,USD,106400.0,106400.0
2023-01-01,Data Analyst,SE,FT,106400,GB,GB,M,0,USD,106400.0,106400.0
2023-01-01,Data Analyst,MI,FT,106300,US,US,M,0,USD,106300.0,106300.0
2023-01-01,Data Analyst,EN,FT,106100,US,US,M,100,USD,106100.0,106100.0
2023-01-01,Data Analyst,SE,FT,106020,US,US,M,0,USD,106020.0,106020.0
2023-01-01,Data Analyst,SE,FT,106800,US,US,M,0,USD,106800.0,106800.0
2023-01-01,Data Analyst,MI,FT,105500,US,US,M,0,USD,105500.0,105500.0
2023-01-01,Data Analyst,MI,FT,105380,US,US,M,0,USD,105380.0,105380.0
2023-01-01,Data Analyst,SE,FT,105320,US,US,M,0,USD,105320.0,105320.0
2023-01-01,Data Analyst,MI,FT,105320,US,US,M,0,USD,105320.0,105320.0
2023-01-01,Data Analyst,SE,FT,105500,US,US,M,0,USD,105500.0,105500.0
2023-01-01,Data Analyst,SE,FT,105200,US,US,M,0,USD,105200.0,105200.0
2023-01-01,Data Analyst,SE,FT,106000,US,US,M,100,USD,106000.0,106000.0
2023-01-01,Data Analyst,SE,FT,106000,US,US,M,0,USD,106000.0,106000.0
2023-01-01,Data Analyst,SE,FT,108000,US,US,M,0,USD,108000.0,108000.0
2023-01-01,Data Analyst,MI,FT,109000,US,US,M,0,USD,109000.0,109000.0
2023-01-01,Data Analyst,EN,FT,106875,US,US,M,0,USD,106875.0,106875.0
2023-01-01,Data Analyst,SE,FT,108000,US,US,M,100,USD,108000.0,108000.0
2023-01-01,Data Analyst,MI,FT,107500,US,US,M,0,USD,107500.0,107500.0
2023-01-01,Data Analyst,SE,FT,107500,US,US,M,100,USD,107500.0,107500.0
2023-01-01,Data Analyst,SE,FT,112000,US,US,M,100,USD,112000.0,112000.0
2023-01-01,Data Analyst,MI,FT,116700,US,US,M,0,USD,116700.0,116700.0
2023-01-01,Data Analyst,SE,FT,116700,US,US,M,0,USD,116700.0,116700.0
2023-01-01,Data Analyst,SE,FT,116000,US,US,M,0,USD,116000.0,116000.0
2023-01-01,Data Analyst,SE,FT,117500,US,US,M,100,USD,117500.0,117500.0
2023-01-01,Data Analyst,SE,FT,116960,US,US,M,0,USD,116960.0,116960.0
2023-01-01,Data Analyst,SE,FT,118000,US,US,M,100,USD,118000.0,118000.0
2023-01-01,Data Analyst,EN,FT,116000,US,US,M,0,USD,116000.0,116000.0
2023-01-01,Data Analyst,SE,FT,116000,US,US,M,100,USD,116000.0,116000.0
2023-01-01,Data Analyst,MI,FT,116000,US,US,M,0,USD,116000.0,116000.0
2023-01-01,Data Analyst,MI,FT,115950,US,US,M,0,USD,115950.0,115950.0
2023-01-01,Data Analyst,SE,FT,115934,US,US,M,100,USD,115934.0,115934.0
2023-01-01,Data Analyst,SE,FT,119800,US,US,M,100,USD,119800.0,119800.0
2023-01-01,Data Analyst,SE,FT,119636,US,US,M,0,USD,119636.0,119636.0
2023-01-01,Data Analyst,EN,FT,118750,US,US,M,0,USD,118750.0,118750.0
2023-01-01,Data Analyst,SE,FT,118600,US,US,M,0,USD,118600.0,118600.0
2023-01-01,Data Analyst,SE,FT,119610,US,US,M,0,USD,119610.0,119610.0
2023-01-01,Data Analyst,SE,FT,119500,US,US,M,100,USD,119500.0,119500.0
2023-01-01,Data Analyst,SE,FT,119200,US,US,M,100,USD,119200.0,119200.0
2023-01-01,Data Analyst,MI,FT,119000,US,US,M,0,USD,119000.0,119000.0
2023-01-01,Data Analyst,SE,FT,113600,US,US,M,0,USD,113600.0,113600.0
2023-01-01,Data Analyst,SE,FT,113220,US,US,M,0,USD,113220.0,113220.0
2023-01-01,Data Analyst,SE,FT,113000,US,US,M,100,USD,113000.0,113000.0
2023-01-01,Data Analyst,SE,FT,112000,CA,CA,M,0,USD,112000.0,112000.0
2023-01-01,Data Analyst,MI,FT,112000,US,US,M,0,USD,112000.0,112000.0
2023-01-01,Data Analyst,SE,FT,112655,US,US,M,0,USD,112655.0,112655.0
2023-01-01,Data Analyst,SE,FT,112200,US,US,M,100,USD,112200.0,112200.0
2023-01-01,Data Analyst,SE,FT,114700,US,US,L,0,USD,114700.0,114700.0
2023-01-01,Data Analyst,MI,FT,115000,US,US,M,0,USD,115000.0,115000.0
2023-01-01,Data Analyst,SE,FT,115000,US,US,M,100,USD,115000.0,115000.0
2023-01-01,Data Analyst,MI,FT,115000,US,US,M,100,USD,115000.0,115000.0
2023-01-01,Data Analyst,EN,FT,115000,US,US,M,0,USD,115000.0,115000.0
2023-01-01,Data Analyst,SE,FT,105000,US,US,M,100,USD,105000.0,105000.0
2023-01-01,Data Analyst,MI,FT,94100,GB,GB,M,0,USD,94100.0,94100.0
2023-01-01,Data Analyst,EN,FT,94035,US,US,M,100,USD,94035.0,94035.0
2023-01-01,Data Analyst,SE,FT,94000,US,US,M,0,USD,94000.0,94000.0
2023-01-01,Business Data Analyst,SE,FT,94000,US,US,L,50,USD,94000.0,94000.0
2023-01-01,Data Analyst,SE,FT,94000,US,US,M,100,USD,94000.0,94000.0
2023-01-01,Data Analyst,SE,FT,94400,US,US,M,100,USD,94400.0,94400.0
2023-01-01,Data Analyst,SE,FT,95000,US,US,M,0,USD,95000.0,95000.0
2023-01-01,Data Analyst,SE,FT,95000,US,US,M,100,USD,95000.0,95000.0
2023-01-01,Data Analyst,MI,FT,95000,US,US,M,100,USD,95000.0,95000.0
2023-01-01,Data Analyst,SE,FT,94770,US,US,M,100,USD,94770.0,94770.0
2023-01-01,Data Analyst,EN,FT,94600,US,US,M,0,USD,94600.0,94600.0
2023-01-01,Data Analyst,SE,FT,93800,US,US,M,100,USD,93800.0,93800.0
2023-01-01,Data Analyst,SE,FT,93500,US,US,M,100,USD,93500.0,93500.0
2023-01-01,Data Analyst,SE,FT,93400,US,US,M,0,USD,93400.0,93400.0
2023-01-01,Data Analyst,SE,FT,93918,US,US,M,0,USD,93918.0,93918.0
2023-01-01,Data Analyst,MI,FT,93400,US,US,M,0,USD,93400.0,93400.0
2023-01-01,Data Analyst,SE,FT,93919,US,US,M,100,USD,93919.0,93919.0
2023-01-01,Data Analyst,SE,FT,93919,US,US,M,0,USD,93919.0,93919.0
2023-01-01,Data Analyst,MI,FT,95400,US,US,M,100,USD,95400.0,95400.0
2023-01-01,Data Analyst,EN,FT,95000,US,US,M,0,USD,95000.0,95000.0
2023-01-01,Data Analyst,MI,FT,95000,PH,PH,M,0,USD,95000.0,95000.0
2023-01-01,Data Analyst,SE,FT,95040,US,US,M,100,USD,95040.0,95040.0
2023-01-01,Data Analyst,SE,FT,96800,US,US,M,0,USD,96800.0,96800.0
2023-01-01,Data Analyst,MI,FT,96750,US,US,M,0,USD,96750.0,96750.0
2023-01-01,Data Analyst,EN,FT,95000,US,US,M,100,USD,95000.0,95000.0
2023-01-01,Data Analyst,MI,FT,95000,US,US,M,0,USD,95000.0,95000.0
2023-01-01,Data Analyst,SE,FT,95000,CA,CA,M,100,USD,95000.0,95000.0
2023-01-01,Data Analyst,MI,FT,90000,US,US,M,0,USD,90000.0,90000.0
2023-01-01,Data Analyst,MI,FT,90000,US,US,M,100,USD,90000.0,90000.0
2023-01-01,Data Analyst,EX,FT,90000,US,US,M,100,USD,90000.0,90000.0
2023-01-01,Data Analyst,SE,FT,90000,US,US,M,0,USD,90000.0,90000.0
2023-01-01,Data Analyst,SE,FT,90000,US,US,M,100,USD,90000.0,90000.0
2023-01-01,Data Analyst,EN,FT,90000,US,US,M,0,USD,90000.0,90000.0
2023-01-01,Data Analyst,MI,FT,90000,HR,HR,M,0,GBP,110736.0,90000.0
2023-01-01,Data Analyst,MI,FT,90000,GB,GB,M,0,GBP,110736.0,90000.0
2023-01-01,Data Analyst,SE,FT,92000,CA,CA,M,0,USD,92000.0,92000.0
2023-01-01,Data Analyst,SE,FT,92000,US,US,M,0,USD,92000.0,92000.0
2023-01-01,Data Analyst,SE,FT,92000,US,US,M,100,USD,92000.0,92000.0
2023-01-01,Data Analyst,SE,FT,91800,US,US,M,100,USD,91800.0,91800.0
2023-01-01,Data Analyst,SE,FT,91460,US,US,M,100,USD,91460.0,91460.0
2023-01-01,Data Analyst,EN,FT,92000,US,US,M,100,USD,92000.0,92000.0
2023-01-01,Data Analyst,SE,FT,93000,US,US,M,0,USD,93000.0,93000.0
2023-01-01,Data Analyst,MI,FT,93000,US,US,L,100,USD,93000.0,93000.0
2023-01-01,Data Analyst,EN,FT,92700,US,US,M,0,USD,92700.0,92700.0
2023-01-01,Data Analyst,MI,FT,92000,US,US,M,0,USD,92000.0,92000.0
2023-01-01,Data Analyst,MI,FT,90500,US,US,M,0,USD,90500.0,90500.0
2023-01-01,Business Intelligence Data Analyst,MI,FT,91000,CA,CA,L,50,CAD,67419.0,91000.0
2023-01-01,Data Analyst,MI,FT,97750,US,US,M,0,USD,97750.0,97750.0
2023-01-01,Data Analyst,SE,FT,103200,US,US,M,0,USD,103200.0,103200.0
2023-01-01,Data Analyst,SE,FT,103200,GB,GB,M,0,USD,103200.0,103200.0
2023-01-01,Data Analyst,MI,FT,103200,US,US,M,0,USD,103200.0,103200.0
2023-01-01,Data Analyst,MI,FT,102500,US,US,M,0,USD,102500.0,102500.0
2023-01-01,Data Analyst,MI,FT,104000,US,US,M,0,USD,104000.0,104000.0
2023-01-01,Data Analyst,SE,FT,104000,US,US,M,100,USD,104000.0,104000.0
2023-01-01,Data Analyst,EN,FT,104000,US,US,M,0,USD,104000.0,104000.0
2023-01-01,Data Analyst,SE,FT,102500,US,US,M,100,USD,102500.0,102500.0
2023-01-01,Data Analyst,SE,FT,100895,US,US,M,100,USD,100895.0,100895.0
2023-01-01,Data Analyst,SE,FT,100500,US,US,M,0,USD,100500.0,100500.0
2023-01-01,Data Analyst,SE,FT,100000,US,US,M,0,USD,100000.0,100000.0
2023-01-01,Data Analyst,MI,FT,101000,US,US,M,0,USD,101000.0,101000.0
2023-01-01,Data Analyst,EN,FT,102000,US,US,M,100,USD,102000.0,102000.0
2023-01-01,Data Analyst,SE,FT,102000,US,US,M,100,USD,102000.0,102000.0
2023-01-01,Data Analyst,SE,FT,101500,US,US,M,100,USD,101500.0,101500.0
2023-01-01,Data Analyst,SE,FT,102434,US,US,M,100,USD,102434.0,102434.0
2023-01-01,Data Analyst,SE,FT,105000,US,US,M,0,USD,105000.0,105000.0
2023-01-01,Data Analyst,EN,FT,105000,US,US,M,0,USD,105000.0,105000.0
2023-01-01,Data Analyst,MI,FT,105000,US,US,M,100,USD,105000.0,105000.0
2023-01-01,Data Analyst,SE,FT,105000,US,US,S,100,USD,105000.0,105000.0
2023-01-01,Data Analyst,MI,FT,105000,US,US,M,0,USD,105000.0,105000.0
2023-01-01,Data Analyst,SE,FT,105000,CA,CA,M,0,USD,105000.0,105000.0
2023-01-01,Data Analyst,SE,FT,104300,US,US,L,0,USD,104300.0,104300.0
2023-01-01,Data Analyst,SE,FT,104244,US,US,M,100,USD,104244.0,104244.0
2023-01-01,Business Data Analyst,MI,FT,105000,US,US,L,50,USD,105000.0,105000.0
2023-01-01,Data Analyst,SE,FT,100000,US,US,M,100,USD,100000.0,100000.0
2023-01-01,Data Analyst,MI,FT,100000,CA,CA,M,100,USD,100000.0,100000.0
2023-01-01,Data Analyst,EN,FT,100000,UZ,US,L,100,USD,100000.0,100000.0
2023-01-01,Data Analyst,EN,FT,100000,US,US,M,0,USD,100000.0,100000.0
2023-01-01,Data Analyst,MI,FT,100000,US,US,M,0,USD,100000.0,100000.0
2023-01-01,Data Analyst,SE,FT,100000,GB,GB,M,100,USD,100000.0,100000.0
2023-01-01,Business Intelligence Data Analyst,EN,FT,99000,US,US,L,100,USD,99000.0,99000.0
2023-01-01,Data Analyst,MI,FT,98873,US,US,M,0,USD,98873.0,98873.0
2023-01-01,Data Analyst,SE,FT,98400,US,US,M,0,USD,98400.0,98400.0
2023-01-01,Data Analyst,SE,FT,98000,US,US,M,100,USD,98000.0,98000.0
2023-01-01,Data Analyst,SE,FT,98000,US,US,M,0,USD,98000.0,98000.0
2023-01-01,Data Analyst,EN,FT,100000,US,US,M,50,USD,100000.0,100000.0
2023-01-01,Data Analyst,MI,FT,100000,US,US,M,100,USD,100000.0,100000.0
2023-01-01,Data Analyst,EN,FT,99900,US,US,M,0,USD,99900.0,99900.0
2023-01-01,Data Analyst,SE,FT,100000,GB,GB,M,0,GBP,123040.0,100000.0
2023-01-01,Data Analyst,EN,FT,203000,US,US,M,0,USD,203000.0,203000.0
2023-01-01,Data Analyst,SE,FT,202800,US,US,L,0,USD,202800.0,202800.0
2023-01-01,Data Analyst,SE,FT,204500,US,US,M,0,USD,204500.0,204500.0
2023-01-01,Data Analyst,SE,FT,200000,US,US,M,0,USD,200000.0,200000.0
2023-01-01,Data Analyst,SE,FT,213210,US,US,M,100,USD,213210.0,213210.0
2023-01-01,Data Analyst,SE,FT,212000,US,US,M,0,USD,212000.0,212000.0
2023-01-01,Data Analyst,SE,FT,206500,US,US,M,100,USD,206500.0,206500.0
2023-01-01,Data Analyst,SE,FT,207300,CA,CA,M,100,USD,207300.0,207300.0
2023-01-01,Data Analyst,SE,FT,206000,US,US,M,0,USD,206000.0,206000.0
2023-01-01,Data Analyst,SE,FT,208049,US,US,M,0,USD,208049.0,208049.0
2023-01-01,Data Analyst,SE,FT,207611,US,US,M,100,USD,207611.0,207611.0
2023-01-01,Data Analyst,MI,FT,206000,US,US,M,0,USD,206000.0,206000.0
2023-01-01,Data Analyst,SE,FT,208450,US,US,M,100,USD,208450.0,208450.0
2023-01-01,Data Analyst,SE,FT,210000,US,US,M,100,USD,210000.0,210000.0
2023-01-01,Data Analyst,SE,FT,185000,US,US,M,100,USD,185000.0,185000.0
2023-01-01,Data Analyst,SE,FT,185000,US,US,M,0,USD,185000.0,185000.0
2023-01-01,Data Analyst,SE,FT,185900,US,US,M,0,USD,185900.0,185900.0
2023-01-01,Data Analyst,SE,FT,185100,US,US,M,0,USD,185100.0,185100.0
2023-01-01,Data Analyst,SE,FT,185100,US,US,M,100,USD,185100.0,185100.0
2023-01-01,Data Analyst,SE,FT,180180,US,US,M,0,USD,180180.0,180180.0
2023-01-01,Data Analyst,SE,FT,180400,US,US,M,0,USD,180400.0,180400.0
2023-01-01,Business Data Analyst,SE,FT,180000,US,US,L,100,USD,180000.0,180000.0
2023-01-01,Data Analyst,SE,FT,180000,US,US,M,100,USD,180000.0,180000.0
2023-01-01,Data Analyst,EX,FT,180000,US,US,M,100,USD,180000.0,180000.0
2023-01-01,Data Analyst,SE,FT,182000,US,US,M,100,USD,182000.0,182000.0
2023-01-01,Data Analyst,MI,FT,182500,US,US,M,0,USD,182500.0,182500.0
2023-01-01,Data Analyst,SE,FT,193000,US,US,M,0,USD,193000.0,193000.0
2023-01-01,Data Analyst,SE,FT,192500,US,US,M,100,USD,192500.0,192500.0
2023-01-01,Data Analyst,SE,FT,192300,US,US,M,100,USD,192300.0,192300.0
2023-01-01,Data Analyst,SE,FT,192000,US,US,M,100,USD,192000.0,192000.0
2023-01-01,Data Analyst,SE,FT,192000,CA,CA,M,0,USD,192000.0,192000.0
2023-01-01,Data Analyst,SE,FT,195000,US,US,M,100,USD,195000.0,195000.0
2023-01-01,Data Analyst,SE,FT,195000,US,US,M,0,USD,195000.0,195000.0
2023-01-01,Data Analyst,SE,FT,187000,US,US,M,0,USD,187000.0,187000.0
2023-01-01,Data Analyst,SE,FT,186600,US,US,M,100,USD,186600.0,186600.0
2023-01-01,Data Analyst,SE,FT,190000,US,US,M,100,USD,190000.0,190000.0
2023-01-01,Data Analyst,SE,FT,189400,GB,GB,M,0,USD,189400.0,189400.0
2023-01-01,Data Analyst,SE,FT,280000,US,US,M,0,USD,280000.0,280000.0
2023-01-01,Data Analyst,MI,FT,866000,PH,PH,L,50,PHP,15680.0,866000.0
2023-01-01,Data Analyst,SE,FT,1300000,IN,IN,S,100,INR,15809.0,16900.0
2023-01-01,Product Data Analyst,MI,FT,1350000,IN,IN,L,100,INR,16417.0,17550.0
2023-01-01,Data Analyst,EN,FT,1700000,IN,IN,L,50,INR,20673.0,22100.0
2023-01-01,Lead Data Analyst,MI,FT,1500000,IN,IN,L,50,INR,18241.0,19500.0
2023-01-01,Data Analyst,SE,FT,385000,US,US,M,0,USD,385000.0,385000.0
2023-01-01,Data Analyst,MI,FT,300000,GB,GB,M,0,GBP,369120.0,300000.0
2023-01-01,Finance Data Analyst,SE,CT,300000,FR,US,M,100,EUR,323905.0,300000.0
2023-01-01,Data Analyst,SE,FT,227000,US,US,M,0,USD,227000.0,227000.0
2023-01-01,Data Analyst,SE,FT,230000,US,US,M,0,USD,230000.0,230000.0
2023-01-01,Data Analyst,MI,FT,229000,US,US,M,0,USD,229000.0,229000.0
2023-01-01,Data Analyst,SE,FT,230000,US,US,M,100,USD,230000.0,230000.0
2023-01-01,Data Analyst,SE,FT,223602,US,US,M,0,USD,223602.0,223602.0
2023-01-01,Data Analyst,SE,FT,223100,US,US,L,0,USD,223100.0,223100.0
2023-01-01,Data Analyst,MI,FT,250000,US,US,M,0,USD,250000.0,250000.0
2023-01-01,Data Analyst,MI,FT,250000,US,US,M,100,USD,250000.0,250000.0
2023-01-01,Data Analyst,SE,FT,250000,US,US,M,100,USD,250000.0,250000.0
2023-01-01,Data Analyst,SE,FT,234485,US,US,M,0,USD,234485.0,234485.0
2023-01-01,Data Analyst,SE,FT,240500,US,US,M,0,USD,240500.0,240500.0
2023-01-01,Data Analyst,MI,FT,167000,US,US,M,0,USD,167000.0,167000.0
2023-01-01,Data Analyst,SE,FT,155000,US,US,M,100,USD,155000.0,155000.0
2023-01-01,Data Analyst,SE,FT,167000,US,US,M,0,USD,167000.0,167000.0
2023-01-01,Data Analyst,SE,FT,155000,US,US,M,0,USD,155000.0,155000.0
2023-01-01,Data Analyst,SE,FT,157500,US,US,M,100,USD,157500.0,157500.0
2023-01-01,Data Analyst,SE,FT,154500,US,US,M,100,USD,154500.0,154500.0
2023-01-01,Data Analyst,SE,FT,154440,US,US,M,0,USD,154440.0,154440.0
2023-01-01,Data Analyst,EN,FT,160800,US,US,M,0,USD,160800.0,160800.0
2023-01-01,Data Analyst,SE,FT,157000,US,US,M,100,USD,157000.0,157000.0
2023-01-01,Data Analyst,MI,FT,160000,US,US,M,0,USD,160000.0,160000.0
2023-01-01,Data Analyst,SE,FT,155000,GB,GB,M,0,USD,155000.0,155000.0
2023-01-01,Data Analyst,SE,FT,153300,US,US,M,100,USD,153300.0,153300.0
2023-01-01,Data Analyst,SE,FT,153600,US,US,M,0,USD,153600.0,153600.0
2023-01-01,Data Analyst,MI,FT,161000,US,US,M,100,USD,161000.0,161000.0
2023-01-01,Data Analyst,SE,FT,158494,US,US,M,100,USD,158494.0,158494.0
2023-01-01,Data Analyst,SE,FT,153600,US,US,M,100,USD,153600.0,153600.0
2023-01-01,Data Analyst,SE,FT,172800,GB,GB,M,100,USD,172800.0,172800.0
2023-01-01,Data Analyst,MI,FT,154000,US,US,M,0,USD,154000.0,154000.0
2023-01-01,Data Analyst,SE,FT,158000,US,US,M,0,USD,158000.0,158000.0
2023-01-01,Data Analyst,SE,FT,153800,US,US,M,100,USD,153800.0,153800.0
2023-01-01,Data Analyst,SE,FT,160000,US,US,M,100,USD,160000.0,160000.0
2023-01-01,Data Analyst,SE,FT,160000,US,US,M,0,USD,160000.0,160000.0
2023-01-01,Data Analyst,SE,FT,171000,US,US,M,0,USD,171000.0,171000.0
2023-01-01,Data Analyst,SE,FT,166500,US,US,M,0,USD,166500.0,166500.0
2023-01-01,Data Analyst,EX,FT,160000,US,US,M,100,USD,160000.0,160000.0
2023-01-01,Data Analyst,SE,FT,156000,US,US,M,0,USD,156000.0,156000.0
2023-01-01,Data Analyst,SE,FT,170000,US,US,M,100,USD,170000.0,170000.0
2023-01-01,Data Analyst,SE,FT,170550,US,US,M,100,USD,170550.0,170550.0
2023-01-01,Data Analyst,SE,FT,170500,US,US,M,100,USD,170500.0,170500.0
2023-01-01,Data Analyst,MI,FT,155000,US,US,M,0,USD,155000.0,155000.0
2023-01-01,Data Analyst,SE,FT,166000,US,US,M,0,USD,166000.0,166000.0
2023-01-01,Data Analyst,MI,FT,166000,US,US,M,0,USD,166000.0,166000.0
2023-01-01,Data Analyst,EN,FT,155750,US,US,M,100,USD,155750.0,155750.0
2023-01-01,Data Analyst,EX,FT,170000,US,US,M,0,USD,170000.0,170000.0
2023-01-01,Data Analyst,SE,FT,172000,GB,GB,M,100,USD,172000.0,172000.0
2023-01-01,Data Analyst,SE,FT,168000,US,US,L,100,USD,168000.0,168000.0
2023-01-01,Data Analyst,SE,FT,164640,US,US,M,0,USD,164640.0,164640.0
2023-01-01,Data Analyst,SE,FT,165000,US,US,M,100,USD,165000.0,165000.0
2023-01-01,Data Analyst,MI,FT,165000,US,US,M,0,USD,165000.0,165000.0
2023-01-01,Data Analyst,SE,FT,169000,US,US,M,0,USD,169000.0,169000.0
2023-01-01,Data Analyst,SE,FT,164000,US,US,M,100,USD,164000.0,164000.0
2023-01-01,Data Analyst,MI,FT,165000,AU,AU,M,0,USD,165000.0,165000.0
2023-01-01,Data Analyst,SE,FT,177000,US,US,M,100,USD,177000.0,177000.0
2023-01-01,Data Analyst,MI,FT,177000,US,US,M,0,USD,177000.0,177000.0
2023-01-01,Data Analyst,SE,FT,151800,US,US,M,100,USD,151800.0,151800.0
2023-01-01,Data Analyst,EN,FT,162240,US,US,M,0,USD,162240.0,162240.0
2023-01-01,Data Analyst,SE,FT,179975,US,US,M,100,USD,179975.0,179975.0
2023-01-01,Staff Data Analyst,MI,FT,179998,SA,SA,S,100,USD,179998.0,179998.0
2023-01-01,Data Analyst,SE,FT,168000,CA,CA,M,0,USD,168000.0,168000.0
2023-01-01,Data Analyst,SE,FT,180000,US,US,M,0,USD,180000.0,180000.0
2023-01-01,Data Analyst,EN,FT,163800,US,US,M,100,USD,163800.0,163800.0
2023-01-01,Data Analyst,SE,FT,168400,US,US,M,0,USD,168400.0,168400.0
2023-01-01,Data Analyst,SE,FT,175000,US,US,M,100,USD,175000.0,175000.0
2023-01-01,Data Analyst,SE,FT,152380,US,US,M,0,USD,152380.0,152380.0
2023-01-01,Data Analyst,SE,FT,175000,US,US,M,0,USD,175000.0,175000.0
2023-01-01,Data Analyst,SE,FT,175000,CA,CA,M,100,USD,175000.0,175000.0
2023-01-01,Data Analyst,SE,FT,176000,US,US,M,0,USD,176000.0,176000.0
2023-01-01,Data Analyst,SE,FT,161500,US,US,M,100,USD,161500.0,161500.0
2024-01-01,Data Analyst,SE,FT,73100,US,US,M,0,USD,73100.0,73100.0
2024-01-01,Data Analyst,SE,FT,143000,US,US,M,0,USD,143000.0,143000.0
2024-01-01,Data Analyst,SE,FT,71688,DE,DE,M,100,EUR,79653.0,71688.0
2024-01-01,Data Analyst,MI,FT,72500,US,US,M,0,USD,72500.0,72500.0
2024-01-01,Data Analyst,MI,FT,73100,US,US,M,0,USD,73100.0,73100.0
2024-01-01,Data Analyst,EN,FT,73756,US,US,M,0,USD,73756.0,73756.0
2024-01-01,Data Analyst,EN,FT,71000,US,US,M,0,USD,71000.0,71000.0
2024-01-01,Data Analyst,EN,FT,159870,US,US,M,0,USD,159870.0,159870.0
2024-01-01,Data Analyst,EN,FT,74300,US,US,M,0,USD,74300.0,74300.0
2024-01-01,Data Analyst,EN,FT,72200,US,US,M,0,USD,72200.0,72200.0
2024-01-01,Data Analyst,EN,FT,74400,US,US,M,100,USD,74400.0,74400.0
2024-01-01,Data Analyst,EN,FT,72128,NL,NL,M,0,EUR,80142.0,72128.0
2024-01-01,Data Analyst,SE,FT,71789,NL,NL,M,100,EUR,79765.0,71789.0
2024-01-01,Data Analyst,SE,FT,144700,US,US,M,100,USD,144700.0,144700.0
2024-01-01,Data Analyst,EN,FT,71958,US,US,M,0,USD,71958.0,71958.0
2024-01-01,Data Analyst,MI,FT,81713,US,US,M,100,USD,81713.0,81713.0
2024-01-01,Data Analyst,MI,FT,81650,US,US,M,0,USD,81650.0,81650.0
2024-01-01,Data Analyst,SE,FT,82620,US,US,M,0,USD,82620.0,82620.0
2024-01-01,Data Analyst,EN,FT,83000,US,US,M,0,USD,83000.0,83000.0
2024-01-01,Data Analyst,MI,FT,82000,US,US,M,0,USD,82000.0,82000.0
2024-01-01,Data Analyst,EN,FT,82000,US,US,M,100,USD,82000.0,82000.0
2024-01-01,Data Analyst,SE,FT,140130,US,US,M,0,USD,140130.0,140130.0
2024-01-01,Data Analyst,SE,FT,82000,US,US,M,0,USD,82000.0,82000.0
2024-01-01,Data Analyst,EN,FT,83300,US,US,M,0,USD,83300.0,83300.0
2024-01-01,Data Analyst,EN,FT,80000,US,US,M,100,USD,80000.0,80000.0
2024-01-01,Data Analyst,EN,FT,80000,US,US,M,0,USD,80000.0,80000.0
2024-01-01,Data Analyst,SE,FT,80000,US,US,M,0,USD,80000.0,80000.0
2024-01-01,Data Analyst,SE,FT,80000,IE,IE,M,0,USD,80000.0,80000.0
2024-01-01,Data Analyst,MI,FT,80000,US,US,M,0,USD,80000.0,80000.0
2024-01-01,Data Analyst,EN,FT,80080,US,US,M,0,USD,80080.0,80080.0
2024-01-01,Data Analyst,SE,FT,140726,US,US,M,0,USD,140726.0,140726.0
2024-01-01,Data Analyst,MI,FT,81200,US,US,M,0,USD,81200.0,81200.0
2024-01-01,Data Analyst,SE,FT,140000,US,US,M,0,USD,140000.0,140000.0
2024-01-01,Data Analyst,MI,FT,140000,US,US,M,0,USD,140000.0,140000.0
2024-01-01,Data Analyst,SE,FT,140000,CA,CA,M,0,USD,140000.0,140000.0
2024-01-01,Data Analyst,MI,FT,85000,US,US,M,100,USD,85000.0,85000.0
2024-01-01,Data Analyst,SE,FT,140000,US,US,M,100,USD,140000.0,140000.0
2024-01-01,Data Analyst,EN,FT,140000,US,US,M,0,USD,140000.0,140000.0
2024-01-01,Data Analyst,EN,FT,83646,CA,CA,M,0,USD,83646.0,83646.0
2024-01-01,Data Analyst,SE,FT,83576,US,US,M,0,USD,83576.0,83576.0
2024-01-01,Data Analyst,SE,FT,84870,US,US,M,0,USD,84870.0,84870.0
2024-01-01,Data Analyst,MI,FT,84000,US,US,M,0,USD,84000.0,84000.0
2024-01-01,Data Analyst,EN,FT,84000,US,US,M,0,USD,84000.0,84000.0
2024-01-01,Data Analyst,EN,FT,84105,US,US,M,0,USD,84105.0,84105.0
2024-01-01,Data Analyst,EN,FT,77000,US,US,M,100,USD,77000.0,77000.0
2024-01-01,Data Analyst,SE,FT,77000,US,US,M,100,USD,77000.0,77000.0
2024-01-01,Data Analyst,MI,FT,77000,US,US,M,0,USD,77000.0,77000.0
2024-01-01,Data Analyst,EN,FT,76500,US,US,M,0,USD,76500.0,76500.0
2024-01-01,Data Analyst,SE,FT,76000,US,US,M,0,USD,76000.0,76000.0
2024-01-01,Data Analyst,EN,FT,76095,US,US,M,0,USD,76095.0,76095.0
2024-01-01,Data Analyst,EN,FT,77265,US,US,M,0,USD,77265.0,77265.0
2024-01-01,Data Analyst,SE,FT,79000,US,US,M,0,USD,79000.0,79000.0
2024-01-01,Data Analyst,MI,FT,77280,US,US,M,0,USD,77280.0,77280.0
2024-01-01,Data Analyst,MI,FT,78000,CA,CA,M,0,USD,78000.0,78000.0
2024-01-01,Data Analyst,MI,FT,78000,US,US,M,0,USD,78000.0,78000.0
2024-01-01,Data Analyst,MI,FT,78575,US,US,M,0,USD,78575.0,78575.0
2024-01-01,Data Analyst,EN,FT,75800,US,US,M,0,USD,75800.0,75800.0
2024-01-01,Data Analyst,EN,FT,75000,US,US,M,100,USD,75000.0,75000.0
2024-01-01,Data Analyst,SE,FT,142500,AU,AU,M,0,USD,142500.0,142500.0
2024-01-01,Data Analyst,EN,FT,75000,US,US,M,0,USD,75000.0,75000.0
2024-01-01,Data Analyst,EN,FT,75065,US,US,M,100,USD,75065.0,75065.0
2024-01-01,Data Analyst,SE,FT,75300,US,US,M,0,USD,75300.0,75300.0
2024-01-01,Data Analyst,EN,FT,75700,US,US,M,0,USD,75700.0,75700.0
2024-01-01,Data Analyst,EN,FT,75000,GB,GB,M,0,GBP,93750.0,75000.0
2024-01-01,Data Analyst,EN,FT,75000,FR,FR,M,0,EUR,83333.0,75000.0
2024-01-01,Data Analyst,SE,FT,75000,US,US,M,0,USD,75000.0,75000.0
2024-01-01,Data Analyst,MI,FT,75000,US,US,M,100,USD,75000.0,75000.0
2024-01-01,Data Analyst,SE,FT,141375,US,US,M,100,USD,141375.0,141375.0
2024-01-01,Data Analyst,MI,FT,160000,US,US,M,0,USD,160000.0,160000.0
2024-01-01,Data Analyst,SE,FT,234000,US,US,M,0,USD,234000.0,234000.0
2024-01-01,Data Analyst,MI,FT,160000,US,US,M,100,USD,160000.0,160000.0
2024-01-01,Data Analyst,MI,FT,79900,US,US,M,100,USD,79900.0,79900.0
2024-01-01,Data Analyst,MI,FT,79645,US,US,M,100,USD,79645.0,79645.0
2024-01-01,Data Analyst,EN,FT,160000,US,US,M,0,USD,160000.0,160000.0
2024-01-01,Data Analyst,SE,FT,160000,US,US,M,0,USD,160000.0,160000.0
2024-01-01,Data Analyst,EX,FT,160000,US,US,M,0,USD,160000.0,160000.0
2024-01-01,Data Analyst,MI,FT,65000,US,US,M,0,USD,65000.0,65000.0
2024-01-01,Data Analyst,MI,FT,153000,US,US,M,0,USD,153000.0,153000.0
2024-01-01,Data Analyst,SE,FT,47215,GB,GB,M,0,GBP,59018.0,47215.0
2024-01-01,Data Analyst,EN,FT,153000,US,US,M,100,USD,153000.0,153000.0
2024-01-01,Data Analyst,EN,FT,47500,US,US,M,0,USD,47500.0,47500.0
2024-01-01,Data Analyst,SE,FT,153000,US,US,M,0,USD,153000.0,153000.0
2024-01-01,Data Analyst,EN,FT,45700,US,US,M,0,USD,45700.0,45700.0
2024-01-01,Data Analyst,MI,FT,48067,US,US,M,100,USD,48067.0,48067.0
2024-01-01,Data Analyst,EN,PT,45400,US,US,M,0,USD,45400.0,45400.0
2024-01-01,Data Analyst,MI,FT,42400,US,US,M,0,USD,42400.0,42400.0
2024-01-01,Data Analyst,SE,FT,42245,GB,GB,M,0,GBP,52806.0,42245.0
2024-01-01,Data Analyst,EN,FT,41419,US,US,M,100,USD,41419.0,41419.0
2024-01-01,Data Analyst,SE,FT,152000,US,US,M,0,USD,152000.0,152000.0
2024-01-01,Data Analyst,SE,FT,149300,US,US,M,0,USD,149300.0,149300.0
2024-01-01,Data Analyst,MI,FT,52100,US,US,M,0,USD,52100.0,52100.0
2024-01-01,Data Analyst,EN,FT,154818,US,US,M,0,USD,154818.0,154818.0
2024-01-01,Data Analyst,EN,FT,51500,US,US,M,0,USD,51500.0,51500.0
2024-01-01,Data Analyst,MI,FT,149000,US,US,M,100,USD,149000.0,149000.0
2024-01-01,Data Analyst,MI,FT,54000,CA,CA,M,0,USD,54000.0,54000.0
2024-01-01,Data Analyst,EN,FT,54000,FR,FR,M,0,EUR,60000.0,54000.0
2024-01-01,Data Analyst,EN,FT,53300,US,US,M,0,USD,53300.0,53300.0
2024-01-01,Data Analyst,SE,FT,153900,US,US,M,0,USD,153900.0,153900.0
2024-01-01,Data Analyst,MI,FT,154000,US,US,M,0,USD,154000.0,154000.0
2024-01-01,Data Analyst,EN,FT,154000,US,US,M,0,USD,154000.0,154000.0
2024-01-01,Data Analyst,EN,FT,291900,US,US,M,0,USD,291900.0,291900.0
2024-01-01,Data Analyst,EN,FT,50490,NL,NL,M,0,EUR,56100.0,50490.0
2024-01-01,Data Analyst,EN,FT,51000,US,US,M,100,USD,51000.0,51000.0
2024-01-01,Data Analyst,MI,FT,51175,US,US,M,0,USD,51175.0,51175.0
2024-01-01,Data Analyst,EX,FT,50000,GB,GB,M,0,GBP,62500.0,50000.0
2024-01-01,Data Analyst,EN,FT,50000,GB,GB,M,0,GBP,62500.0,50000.0
2024-01-01,Data Analyst,EN,FT,50000,FR,FR,M,0,EUR,55555.0,50000.0
2024-01-01,Data Analyst,EN,FT,50000,US,US,M,0,USD,50000.0,50000.0
2024-01-01,Data Analyst,EN,FT,40300,US,US,M,0,USD,40300.0,40300.0
2024-01-01,Data Analyst,EN,FT,26800,GB,GB,M,0,GBP,33500.0,26800.0
2024-01-01,Data Analyst,EN,FT,28069,LT,LT,M,0,EUR,31187.0,28069.0
2024-01-01,Data Analyst,MI,FT,32400,LV,LV,M,0,EUR,36000.0,32400.0
2024-01-01,Data Analyst,EN,FT,34000,GB,GB,M,0,GBP,42500.0,34000.0
2024-01-01,Data Analyst,EN,FT,33600,LT,LT,M,0,EUR,37333.0,33600.0
2024-01-01,Data Analyst,EN,FT,30000,BR,BR,M,0,USD,30000.0,30000.0
2024-01-01,Data Analyst,MI,FT,150000,US,US,M,100,USD,150000.0,150000.0
2024-01-01,Data Analyst,SE,FT,150000,US,US,M,100,USD,150000.0,150000.0
2024-01-01,Data Analyst,EN,FT,150000,US,US,M,100,USD,150000.0,150000.0
2024-01-01,Data Analyst,EN,FT,21000,ES,ES,M,0,EUR,23333.0,21000.0
2024-01-01,Data Analyst,EN,FT,774000,MX,MX,M,0,USD,774000.0,774000.0
2024-01-01,Lead Data Analyst,MI,FT,3300000,IN,IN,L,50,INR,39615.0,42900.0
2024-01-01,Data Analyst,SE,FT,150000,US,US,M,0,USD,150000.0,150000.0
2024-01-01,Data Analyst,SE,FT,750000,US,US,M,0,USD,750000.0,750000.0
2024-01-01,Data Analyst,EN,FT,26000,ES,ES,M,0,EUR,28888.0,26000.0
2024-01-01,Data Analyst,EN,FT,23000,GB,GB,M,0,GBP,28750.0,23000.0
2024-01-01,Data Analyst,EN,FT,39600,LT,LT,M,0,EUR,44000.0,39600.0
2024-01-01,Data Analyst,MI,FT,325000,US,US,M,0,USD,325000.0,325000.0
2024-01-01,Data Analyst,MI,FT,38400,LV,LV,M,0,EUR,42666.0,38400.0
2024-01-01,Admin & Data Analyst,MI,FT,38000,ES,ES,L,100,EUR,42222.0,38000.0
2024-01-01,BI Data Analyst,MI,FT,40000,GB,GB,L,50,GBP,50000.0,40000.0
2024-01-01,CRM Data Analyst,SE,PT,40000,AE,AE,L,100,USD,40000.0,40000.0
2024-01-01,Data Analyst,EN,FT,40000,BR,BR,M,0,USD,40000.0,40000.0
2024-01-01,Data Analyst,EN,FT,40100,LT,LT,M,0,EUR,44555.0,40100.0
2024-01-01,Data Analyst,EN,FT,40000,GB,GB,M,100,GBP,50000.0,40000.0
2024-01-01,Data Analyst,MI,FT,40000,GB,GB,M,0,GBP,50000.0,40000.0
2024-01-01,Data Analyst,EN,FT,36500,GB,GB,M,0,GBP,45625.0,36500.0
2024-01-01,Data Analyst,MI,FT,150000,US,US,M,0,USD,150000.0,150000.0
2024-01-01,Data Analyst,EN,FT,35000,GB,GB,M,100,GBP,43750.0,35000.0
2024-01-01,Data Analyst,MI,FT,35000,GB,GB,M,0,GBP,43750.0,35000.0
2024-01-01,Data Analyst,EN,FT,150700,US,US,M,0,USD,150700.0,150700.0
2024-01-01,Data Analyst,EN,FT,65750,US,US,M,0,USD,65750.0,65750.0
2024-01-01,Data Analyst,EN,FT,65000,US,US,M,0,USD,65000.0,65000.0
2024-01-01,Data Analyst,SE,FT,65000,GB,GB,M,0,GBP,81250.0,65000.0
2024-01-01,Data Analyst,EN,FT,65400,US,US,M,0,USD,65400.0,65400.0
2024-01-01,Data Analyst,EN,FT,65407,CA,CA,M,0,USD,65407.0,65407.0
2024-01-01,Data Analyst,MI,FT,65600,US,US,M,0,USD,65600.0,65600.0
2024-01-01,Data Analyst,EN,FT,66000,US,US,M,0,USD,66000.0,66000.0
2024-01-01,Data Analyst,EN,FT,66000,US,US,M,100,USD,66000.0,66000.0
2024-01-01,Data Analyst,SE,FT,157500,US,US,M,100,USD,157500.0,157500.0
2024-01-01,Data Analyst,MI,FT,68000,US,US,M,0,USD,68000.0,68000.0
2024-01-01,Data Analyst,EX,FT,68000,US,US,M,0,USD,68000.0,68000.0
2024-01-01,Data Analyst,EN,FT,68000,US,US,M,0,USD,68000.0,68000.0
2024-01-01,Data Analyst,EN,FT,66560,US,US,M,0,USD,66560.0,66560.0
2024-01-01,Data Analyst,EN,FT,66820,US,US,M,0,USD,66820.0,66820.0
2024-01-01,Data Analyst,SE,FT,145000,US,US,M,0,USD,145000.0,145000.0
2024-01-01,Data Analyst,SE,FT,145000,US,US,M,100,USD,145000.0,145000.0
2024-01-01,Data Analyst,EN,FT,85000,US,US,M,0,USD,85000.0,85000.0
2024-01-01,Data Analyst,EN,FT,65000,US,US,M,100,USD,65000.0,65000.0
2024-01-01,Data Analyst,SE,FT,68150,US,US,M,100,USD,68150.0,68150.0
2024-01-01,Data Analyst,MI,FT,70000,US,US,M,0,USD,70000.0,70000.0
2024-01-01,Data Analyst,EN,FT,70000,US,US,M,0,USD,70000.0,70000.0
2024-01-01,Data Analyst,EN,FT,70000,US,US,M,100,USD,70000.0,70000.0
2024-01-01,Data Analyst,EN,FT,69400,US,US,M,100,USD,69400.0,69400.0
2024-01-01,Data Analyst,MI,FT,158000,US,US,M,0,USD,158000.0,158000.0
2024-01-01,Data Analyst,EN,FT,157600,US,US,M,0,USD,157600.0,157600.0
2024-01-01,Data Analyst,SE,FT,68400,US,US,M,0,USD,68400.0,68400.0
2024-01-01,Data Analyst,EN,FT,158000,US,US,M,0,USD,158000.0,158000.0
2024-01-01,Data Analyst,SE,FT,158494,US,US,M,100,USD,158494.0,158494.0
2024-01-01,Data Analyst,EN,FT,64900,US,US,M,100,USD,64900.0,64900.0
2024-01-01,Data Analyst,SE,FT,155000,CA,CA,M,0,USD,155000.0,155000.0
2024-01-01,Data Analyst,EN,FT,58400,US,US,M,0,USD,58400.0,58400.0
2024-01-01,Data Analyst,MI,FT,58000,US,US,M,0,USD,58000.0,58000.0
2024-01-01,Data Analyst,MI,FT,147000,US,US,M,0,USD,147000.0,147000.0
2024-01-01,Data Analyst,EN,FT,147000,US,US,M,0,USD,147000.0,147000.0
2024-01-01,Data Analyst,SE,FT,155000,US,US,M,0,USD,155000.0,155000.0
2024-01-01,Data Analyst,SE,FT,59923,US,US,M,0,USD,59923.0,59923.0
2024-01-01,Data Analyst,EX,FT,55000,GB,GB,M,0,GBP,68750.0,55000.0
2024-01-01,Data Analyst,EN,FT,55000,GB,GB,M,0,GBP,68750.0,55000.0
2024-01-01,Data Analyst,EN,FT,55000,US,US,M,0,USD,55000.0,55000.0
2024-01-01,Data Analyst,MI,FT,55000,US,US,M,100,USD,55000.0,55000.0
2024-01-01,Data Analyst,SE,FT,55200,US,US,M,0,USD,55200.0,55200.0
2024-01-01,Data Analyst,EN,FT,57000,US,US,M,100,USD,57000.0,57000.0
2024-01-01,Data Analyst,EN,FT,57300,US,US,M,0,USD,57300.0,57300.0
2024-01-01,Data Analyst,EN,FT,57700,US,US,M,0,USD,57700.0,57700.0
2024-01-01,Data Analyst,EN,FT,55751,US,US,M,0,USD,55751.0,55751.0
2024-01-01,Data Analyst,EN,FT,61700,US,US,M,100,USD,61700.0,61700.0
2024-01-01,Data Analyst,MI,FT,61800,US,US,M,100,USD,61800.0,61800.0
2024-01-01,Data Analyst,EN,FT,61463,US,US,M,0,USD,61463.0,61463.0
2024-01-01,Data Analyst,MI,FT,60000,US,US,M,0,USD,60000.0,60000.0
2024-01-01,Data Analyst,SE,FT,60000,GB,GB,M,0,GBP,75000.0,60000.0
2024-01-01,Data Analyst,EN,FT,60080,US,US,M,0,USD,60080.0,60080.0
2024-01-01,Data Analyst,EN,FT,60500,US,US,M,0,USD,60500.0,60500.0
2024-01-01,Data Analyst,MI,FT,61000,US,US,M,0,USD,61000.0,61000.0
2024-01-01,Data Analyst,EN,FT,63000,US,US,M,0,USD,63000.0,63000.0
2024-01-01,Data Analyst,EN,FT,64000,US,US,M,100,USD,64000.0,64000.0
2024-01-01,Data Analyst,EN,FT,64500,US,US,M,0,USD,64500.0,64500.0
2024-01-01,Data Analyst,EN,FT,64600,US,US,M,0,USD,64600.0,64600.0
2024-01-01,Data Analyst,SE,FT,62300,US,US,M,0,USD,62300.0,62300.0
2024-01-01,BI Data Analyst,SE,FT,60000,DE,DE,S,50,EUR,66666.0,60000.0
2024-01-01,Data Analyst,EN,FT,60000,US,US,M,100,USD,60000.0,60000.0
2024-01-01,Data Analyst,EN,FT,156000,US,US,M,0,USD,156000.0,156000.0
2024-01-01,Data Analyst,SE,FT,146500,US,US,M,0,USD,146500.0,146500.0
2024-01-01,Data Analyst,SE,FT,156000,US,US,M,100,USD,156000.0,156000.0
2024-01-01,Data Analyst,EN,FT,60000,US,US,M,0,USD,60000.0,60000.0
2024-01-01,Data Analyst,SE,FT,146000,US,US,M,0,USD,146000.0,146000.0
2024-01-01,Data Analyst,SE,FT,85000,US,US,M,0,USD,85000.0,85000.0
2024-01-01,Data Analyst,EN,FT,112000,US,US,M,0,USD,112000.0,112000.0
2024-01-01,Data Analyst,SE,FT,193000,US,US,M,100,USD,193000.0,193000.0
2024-01-01,Data Analyst,MI,FT,112000,US,US,M,0,USD,112000.0,112000.0
2024-01-01,Data Analyst,MI,FT,113500,US,US,M,100,USD,113500.0,113500.0
2024-01-01,Data Analyst,EN,FT,113800,US,US,M,100,USD,113800.0,113800.0
2024-01-01,Data Analyst,SE,FT,112715,US,US,M,0,USD,112715.0,112715.0
2024-01-01,Data Analyst,SE,FT,192500,US,US,M,100,USD,192500.0,192500.0
2024-01-01,Data Analyst,EN,FT,192500,US,US,M,0,USD,192500.0,192500.0
2024-01-01,Data Analyst,SE,FT,111200,US,US,M,0,USD,111200.0,111200.0
2024-01-01,Data Analyst,EN,FT,195500,US,US,M,0,USD,195500.0,195500.0
2024-01-01,Data Analyst,SE,FT,111500,US,US,M,100,USD,111500.0,111500.0
2024-01-01,Data Analyst,EN,FT,111510,US,US,M,100,USD,111510.0,111510.0
2024-01-01,Data Analyst,MI,FT,130000,US,US,M,100,USD,130000.0,130000.0
2024-01-01,Data Analyst,SE,FT,130000,US,US,M,0,USD,130000.0,130000.0
2024-01-01,Data Analyst,SE,FT,190000,US,US,M,0,USD,190000.0,190000.0
2024-01-01,Data Analyst,EN,FT,115000,US,US,M,100,USD,115000.0,115000.0
2024-01-01,Data Analyst,EN,FT,115000,US,US,M,0,USD,115000.0,115000.0
2024-01-01,Data Analyst,SE,FT,115000,US,US,M,0,USD,115000.0,115000.0
2024-01-01,Data Analyst,SE,FT,115000,CA,CA,M,100,USD,115000.0,115000.0
2024-01-01,Data Analyst,EN,FT,130000,US,US,M,0,USD,130000.0,130000.0
2024-01-01,Data Analyst,SE,FT,130000,US,US,M,100,USD,130000.0,130000.0
2024-01-01,Data Analyst,EN,FT,114000,US,US,M,0,USD,114000.0,114000.0
2024-01-01,Data Analyst,EN,FT,130000,US,US,M,100,USD,130000.0,130000.0
2024-01-01,Data Analyst,SE,FT,109000,US,US,M,0,USD,109000.0,109000.0
2024-01-01,Data Analyst,SE,FT,109000,US,US,M,100,USD,109000.0,109000.0
2024-01-01,Data Analyst,SE,FT,109100,US,US,M,0,USD,109100.0,109100.0
2024-01-01,Data Analyst,EN,FT,170000,US,US,M,100,USD,170000.0,170000.0
2024-01-01,Data Analyst,EN,FT,133000,US,US,M,0,USD,133000.0,133000.0
2024-01-01,Data Analyst,EN,FT,109700,US,US,M,0,USD,109700.0,109700.0
2024-01-01,Data Analyst,SE,FT,132974,US,US,M,0,USD,132974.0,132974.0
2024-01-01,Data Analyst,SE,FT,109500,US,US,M,0,USD,109500.0,109500.0
2024-01-01,Data Analyst,MI,FT,134400,US,US,M,0,USD,134400.0,134400.0
2024-01-01,Data Analyst,SE,FT,107000,CA,CA,M,0,USD,107000.0,107000.0
2024-01-01,Data Analyst,SE,FT,107000,US,US,M,0,USD,107000.0,107000.0
2024-01-01,Data Analyst,SE,FT,134200,US,US,M,100,USD,134200.0,134200.0
2024-01-01,Data Analyst,SE,FT,107197,US,US,M,0,USD,107197.0,107197.0
2024-01-01,Data Analyst,MI,FT,107500,US,US,M,0,USD,107500.0,107500.0
2024-01-01,Data Analyst,SE,FT,170000,US,US,M,100,USD,170000.0,170000.0
2024-01-01,Data Analyst,EN,FT,106960,US,US,M,0,USD,106960.0,106960.0
2024-01-01,Data Analyst,SE,FT,134500,US,US,M,0,USD,134500.0,134500.0
2024-01-01,Data Analyst,MI,FT,134500,US,US,M,0,USD,134500.0,134500.0
2024-01-01,Data Analyst,EN,FT,106875,US,US,M,0,USD,106875.0,106875.0
2024-01-01,Data Analyst,EN,FT,108000,US,US,M,0,USD,108000.0,108000.0
2024-01-01,Data Analyst,SE,FT,133650,US,US,M,100,USD,133650.0,133650.0
2024-01-01,Data Analyst,SE,FT,133504,US,US,M,0,USD,133504.0,133504.0
2024-01-01,Data Analyst,SE,FT,108334,US,US,M,0,USD,108334.0,108334.0
2024-01-01,Data Analyst,MI,FT,107755,US,US,M,100,USD,107755.0,107755.0
2024-01-01,Data Analyst,SE,FT,110000,US,US,M,0,USD,110000.0,110000.0
2024-01-01,Data Analyst,MI,FT,110000,US,US,M,100,USD,110000.0,110000.0
2024-01-01,Data Analyst,EN,FT,110000,US,US,M,100,USD,110000.0,110000.0
2024-01-01,Data Analyst,SE,FT,131712,US,US,M,0,USD,131712.0,131712.0
2024-01-01,Data Analyst,EN,FT,110000,US,US,M,0,USD,110000.0,110000.0
2024-01-01,Data Analyst,SE,FT,131414,US,US,M,100,USD,131414.0,131414.0
2024-01-01,Data Analyst,MI,FT,195600,US,US,M,100,USD,195600.0,195600.0
2024-01-01,Data Analyst,MI,FT,110000,US,US,M,0,USD,110000.0,110000.0
2024-01-01,Data Analyst,SE,FT,171000,US,US,M,0,USD,171000.0,171000.0
2024-01-01,Data Analyst,SE,FT,132500,US,US,M,100,USD,132500.0,132500.0
2024-01-01,Data Analyst,SE,FT,197100,US,US,M,100,USD,197100.0,197100.0
2024-01-01,Data Analyst,EN,FT,132000,US,US,M,0,USD,132000.0,132000.0
2024-01-01,Data Analyst,MI,FT,123600,US,US,M,100,USD,123600.0,123600.0
2024-01-01,Data Analyst,EN,FT,123625,US,US,M,0,USD,123625.0,123625.0
2024-01-01,Data Analyst,EN,FT,124000,US,US,M,0,USD,124000.0,124000.0
2024-01-01,Data Analyst,EN,FT,179000,US,US,M,0,USD,179000.0,179000.0
2024-01-01,Data Analyst,EN,FT,181610,US,US,M,0,USD,181610.0,181610.0
2024-01-01,Data Analyst,MI,FT,177000,US,US,M,100,USD,177000.0,177000.0
2024-01-01,Data Analyst,EN,FT,184180,US,US,M,0,USD,184180.0,184180.0
2024-01-01,Data Analyst,SE,FT,120000,US,US,M,100,USD,120000.0,120000.0
2024-01-01,Data Analyst,MI,FT,120000,US,US,M,0,USD,120000.0,120000.0
2024-01-01,Data Analyst,MI,FT,121000,US,US,M,0,USD,121000.0,121000.0
2024-01-01,Data Analyst,EN,FT,122328,US,US,M,0,USD,122328.0,122328.0
2024-01-01,Data Analyst,SE,FT,122500,US,US,M,100,USD,122500.0,122500.0
2024-01-01,Data Analyst,SE,FT,128800,US,US,M,0,USD,128800.0,128800.0
2024-01-01,Data Analyst,MI,FT,129118,US,US,M,0,USD,129118.0,129118.0
2024-01-01,Data Analyst,EN,FT,180700,US,US,M,0,USD,180700.0,180700.0
2024-01-01,Data Analyst,SE,FT,125000,US,US,M,0,USD,125000.0,125000.0
2024-01-01,Data Analyst,SE,FT,126000,US,US,M,0,USD,126000.0,126000.0
2024-01-01,Data Analyst,SE,FT,126667,US,US,M,0,USD,126667.0,126667.0
2024-01-01,Data Analyst,SE,FT,126480,US,US,M,0,USD,126480.0,126480.0
2024-01-01,Data Analyst,EX,FT,125000,US,US,M,0,USD,125000.0,125000.0
2024-01-01,Data Analyst,SE,FT,180400,US,US,M,0,USD,180400.0,180400.0
2024-01-01,Data Analyst,MI,FT,180000,US,US,M,0,USD,180000.0,180000.0
2024-01-01,Data Analyst,MI,FT,120000,US,US,M,100,USD,120000.0,120000.0
2024-01-01,Data Analyst,SE,FT,117000,US,US,M,0,USD,117000.0,117000.0
2024-01-01,Data Analyst,MI,FT,117000,US,US,M,0,USD,117000.0,117000.0
2024-01-01,Data Analyst,SE,FT,116800,US,US,M,0,USD,116800.0,116800.0
2024-01-01,Data Analyst,SE,FT,187770,US,US,M,0,USD,187770.0,187770.0
2024-01-01,Data Analyst,SE,FT,117000,US,US,M,100,USD,117000.0,117000.0
2024-01-01,Data Analyst,SE,FT,117725,US,US,M,100,USD,117725.0,117725.0
2024-01-01,Data Analyst,EN,FT,118750,US,US,M,0,USD,118750.0,118750.0
2024-01-01,Data Analyst,MI,FT,119000,US,US,M,0,USD,119000.0,119000.0
2024-01-01,Data Analyst,MI,FT,118000,US,US,M,0,USD,118000.0,118000.0
2024-01-01,Data Analyst,EN,FT,118000,US,US,M,0,USD,118000.0,118000.0
2024-01-01,Data Analyst,MI,FT,187000,US,US,M,0,USD,187000.0,187000.0
2024-01-01,Data Analyst,SE,FT,115765,US,US,M,0,USD,115765.0,115765.0
2024-01-01,Data Analyst,SE,FT,173000,US,US,M,0,USD,173000.0,173000.0
2024-01-01,Data Analyst,EN,FT,116013,US,US,M,0,USD,116013.0,116013.0
2024-01-01,Data Analyst,SE,FT,174000,US,US,M,100,USD,174000.0,174000.0
2024-01-01,Data Analyst,SE,FT,116000,US,US,M,100,USD,116000.0,116000.0
2024-01-01,Data Analyst,SE,FT,120000,US,US,M,0,USD,120000.0,120000.0
2024-01-01,Data Analyst,EN,FT,120000,US,US,M,100,USD,120000.0,120000.0
2024-01-01,Data Analyst,SE,FT,175520,US,US,M,0,USD,175520.0,175520.0
2024-01-01,Data Analyst,EX,FT,120000,US,US,M,0,USD,120000.0,120000.0
2024-01-01,Data Analyst,EN,FT,120000,US,US,M,0,USD,120000.0,120000.0
2024-01-01,Data Analyst,SE,FT,120000,CA,CA,M,0,USD,120000.0,120000.0
2024-01-01,Data Analyst,SE,FT,185000,US,US,M,0,USD,185000.0,185000.0
2024-01-01,Data Analyst,SE,FT,175000,US,US,M,100,USD,175000.0,175000.0
2024-01-01,Data Analyst,SE,FT,175000,US,US,M,0,USD,175000.0,175000.0
2024-01-01,Data Analyst,EX,FT,175000,US,US,M,0,USD,175000.0,175000.0
2024-01-01,Data Analyst,EN,FT,93500,US,US,M,0,USD,93500.0,93500.0
2024-01-01,Data Analyst,MI,FT,165500,US,US,M,100,USD,165500.0,165500.0
2024-01-01,Data Analyst,SE,FT,165900,US,US,M,0,USD,165900.0,165900.0
2024-01-01,Data Analyst,SE,FT,138800,US,US,M,0,USD,138800.0,138800.0
2024-01-01,Data Analyst,SE,FT,93000,US,US,M,0,USD,93000.0,93000.0
2024-01-01,Data Analyst,EN,FT,93000,US,US,M,0,USD,93000.0,93000.0
2024-01-01,Data Analyst,EN,PT,93000,US,US,M,0,USD,93000.0,93000.0
2024-01-01,Data Analyst,EN,FT,92700,US,US,M,100,USD,92700.0,92700.0
2024-01-01,Data Analyst,EN,FT,92810,US,US,M,0,USD,92810.0,92810.0
2024-01-01,Data Analyst,SE,FT,165000,US,US,M,100,USD,165000.0,165000.0
2024-01-01,Data Analyst,EN,FT,94600,US,US,M,0,USD,94600.0,94600.0
2024-01-01,Data Analyst,MI,FT,95000,US,US,M,0,USD,95000.0,95000.0
2024-01-01,Data Analyst,SE,FT,96500,US,US,M,100,USD,96500.0,96500.0
2024-01-01,Data Analyst,SE,FT,96600,US,US,M,0,USD,96600.0,96600.0
2024-01-01,Data Analyst,MI,FT,96475,US,US,M,100,USD,96475.0,96475.0
2024-01-01,Data Analyst,SE,FT,96000,US,US,M,0,USD,96000.0,96000.0
2024-01-01,Data Analyst,EN,FT,96000,US,US,M,100,USD,96000.0,96000.0
2024-01-01,Data Analyst,SE,FT,94800,US,US,M,100,USD,94800.0,94800.0
2024-01-01,Data Analyst,EN,FT,95000,US,US,M,100,USD,95000.0,95000.0
2024-01-01,Data Analyst,MI,FT,138000,US,US,M,0,USD,138000.0,138000.0
2024-01-01,Data Analyst,EN,FT,138000,US,US,M,0,USD,138000.0,138000.0
2024-01-01,Data Analyst,EN,FT,95000,US,US,M,0,USD,95000.0,95000.0
2024-01-01,Data Analyst,EN,FT,92000,US,US,M,100,USD,92000.0,92000.0
2024-01-01,Data Analyst,MI,FT,88000,US,US,M,100,USD,88000.0,88000.0
2024-01-01,Data Analyst,SE,FT,88052,US,US,M,100,USD,88052.0,88052.0
2024-01-01,Data Analyst,EN,FT,88200,US,US,M,100,USD,88200.0,88200.0
2024-01-01,Data Analyst,SE,FT,88670,US,US,M,0,USD,88670.0,88670.0
2024-01-01,Data Analyst,EN,FT,88800,US,US,M,0,USD,88800.0,88800.0
2024-01-01,Data Analyst,SE,FT,88854,US,US,M,0,USD,88854.0,88854.0
2024-01-01,Data Analyst,SE,FT,89000,US,US,M,0,USD,89000.0,89000.0
2024-01-01,Data Analyst,EN,FT,87400,US,US,M,0,USD,87400.0,87400.0
2024-01-01,Data Analyst,SE,FT,87600,US,US,M,0,USD,87600.0,87600.0
2024-01-01,Data Analyst,EN,FT,87999,US,US,M,0,USD,87999.0,87999.0
2024-01-01,Data Analyst,SE,FT,164000,US,US,M,0,USD,164000.0,164000.0
2024-01-01,Data Analyst,SE,FT,164640,US,US,M,0,USD,164640.0,164640.0
2024-01-01,Data Analyst,SE,FT,164000,CA,CA,M,100,USD,164000.0,164000.0
2024-01-01,Data Analyst,SE,FT,87000,US,US,M,0,USD,87000.0,87000.0
2024-01-01,Data Analyst,EN,FT,85420,US,US,M,0,USD,85420.0,85420.0
2024-01-01,Data Analyst,SE,FT,85500,US,US,M,0,USD,85500.0,85500.0
2024-01-01,Data Analyst,EN,FT,85500,US,US,M,100,USD,85500.0,85500.0
2024-01-01,Data Analyst,EN,FT,85900,MX,MX,M,0,USD,85900.0,85900.0
2024-01-01,Data Analyst,SE,FT,162900,US,US,M,100,USD,162900.0,162900.0
2024-01-01,Data Analyst,SE,FT,86026,DE,DE,M,100,EUR,95584.0,86026.0
2024-01-01,Data Analyst,MI,FT,86078,US,US,M,0,USD,86078.0,86078.0
2024-01-01,Data Analyst,SE,FT,86146,NL,NL,M,100,EUR,95717.0,86146.0
2024-01-01,Data Analyst,EN,FT,86600,US,US,M,0,USD,86600.0,86600.0
2024-01-01,Data Analyst,SE,FT,163700,US,US,M,0,USD,163700.0,163700.0
2024-01-01,Data Analyst,SE,FT,163000,US,US,M,100,USD,163000.0,163000.0
2024-01-01,Data Analyst,EN,FT,87000,US,US,M,0,USD,87000.0,87000.0
2024-01-01,Data Analyst,EN,FT,86000,US,US,M,0,USD,86000.0,86000.0
2024-01-01,Data Analyst,MI,FT,86000,US,US,M,0,USD,86000.0,86000.0
2024-01-01,Data Analyst,SE,FT,220000,US,US,M,100,USD,220000.0,220000.0
2024-01-01,Data Analyst,MI,FT,90500,US,US,M,0,USD,90500.0,90500.0
2024-01-01,Data Analyst,EN,FT,90000,US,US,M,0,USD,90000.0,90000.0
2024-01-01,Data Analyst,MI,FT,90000,US,US,M,0,USD,90000.0,90000.0
2024-01-01,Data Analyst,SE,FT,165000,AU,AU,M,0,USD,165000.0,165000.0
2024-01-01,Data Analyst,MI,FT,92000,US,US,M,0,USD,92000.0,92000.0
2024-01-01,Data Analyst,SE,FT,90000,CA,CA,M,0,USD,90000.0,90000.0
2024-01-01,Data Analyst,EN,FT,90000,US,US,M,100,USD,90000.0,90000.0
2024-01-01,Data Analyst,SE,FT,90000,US,US,M,0,USD,90000.0,90000.0
2024-01-01,Data Analyst,MI,FT,96750,US,US,M,0,USD,96750.0,96750.0
2024-01-01,Data Analyst,EN,FT,96761,US,US,M,0,USD,96761.0,96761.0
2024-01-01,Data Analyst,SE,FT,135000,US,US,M,0,USD,135000.0,135000.0
2024-01-01,Data Analyst,SE,FT,103786,US,US,M,0,USD,103786.0,103786.0
2024-01-01,Data Analyst,MI,FT,135000,US,US,M,0,USD,135000.0,135000.0
2024-01-01,Data Analyst,MI,FT,103500,US,US,M,0,USD,103500.0,103500.0
2024-01-01,Data Analyst,EN,FT,103800,US,US,M,0,USD,103800.0,103800.0
2024-01-01,Data Analyst,SE,FT,169000,US,US,M,100,USD,169000.0,169000.0
2024-01-01,Data Analyst,EN,FT,103000,US,US,M,100,USD,103000.0,103000.0
2024-01-01,Data Analyst,SE,FT,100000,US,US,M,0,USD,100000.0,100000.0
2024-01-01,Data Analyst,EN,FT,101000,US,US,M,0,USD,101000.0,101000.0
2024-01-01,Data Analyst,EN,FT,100000,US,US,M,0,USD,100000.0,100000.0
2024-01-01,Data Analyst,EX,FT,100000,US,US,M,0,USD,100000.0,100000.0
2024-01-01,Data Analyst,EN,FT,100000,US,US,M,100,USD,100000.0,100000.0
2024-01-01,Data Analyst,SE,FT,102000,US,US,M,0,USD,102000.0,102000.0
2024-01-01,Data Analyst,EN,FT,102000,US,US,M,100,USD,102000.0,102000.0
2024-01-01,Data Analyst,EN,FT,106100,US,US,M,0,USD,106100.0,106100.0
2024-01-01,Data Analyst,SE,FT,200200,US,US,M,0,USD,200200.0,200200.0
2024-01-01,Data Analyst,MI,FT,106000,US,US,M,0,USD,106000.0,106000.0
2024-01-01,Data Analyst,EN,FT,106000,US,US,M,0,USD,106000.0,106000.0
2024-01-01,Data Analyst,SE,FT,200000,US,US,M,100,USD,200000.0,200000.0
2024-01-01,Data Analyst,SE,FT,106260,US,US,M,0,USD,106260.0,106260.0
2024-01-01,Data Analyst Lead,MI,CT,200000,NZ,NZ,S,50,NZD,125000.0,200000.0
2024-01-01,Data Analyst,MI,FT,105000,US,US,M,0,USD,105000.0,105000.0
2024-01-01,Data Analyst,EN,FT,105000,US,US,M,0,USD,105000.0,105000.0
2024-01-01,Data Analyst,SE,FT,105000,US,US,M,0,USD,105000.0,105000.0
2024-01-01,Data Analyst,SE,FT,105000,CA,CA,M,0,USD,105000.0,105000.0
2024-01-01,Data Analyst,EN,FT,99900,US,US,M,0,USD,99900.0,99900.0
2024-01-01,Data Analyst,EN,FT,99200,US,US,M,100,USD,99200.0,99200.0
2024-01-01,Data Analyst,MI,FT,166000,US,US,M,0,USD,166000.0,166000.0
2024-01-01,Data Analyst,EN,FT,137100,US,US,M,0,USD,137100.0,137100.0
2024-01-01,Data Analyst,EN,FT,97500,US,US,M,0,USD,97500.0,97500.0
2024-01-01,Data Analyst,EN,FT,96800,US,US,M,0,USD,96800.0,96800.0
2024-01-01,Data Analyst,EN,FT,97000,US,US,M,0,USD,97000.0,97000.0
2024-01-01,Data Analyst,MI,FT,98000,US,US,M,100,USD,98000.0,98000.0
2024-01-01,Data Analyst,SE,FT,166000,US,US,M,0,USD,166000.0,166000.0
2024-01-01,Data Analyst,MI,FT,100000,US,US,M,0,USD,100000.0,100000.0
2024-01-01,Data Analyst,SE,FT,100000,US,US,M,100,USD,100000.0,100000.0
2024-01-01,Data Analyst,SE,FT,100000,IE,IE,M,0,USD,100000.0,100000.0
2024-01-01,Data Analyst,SE,FT,136000,US,US,M,0,USD,136000.0,136000.0
2024-01-01,Data Analyst,SE,FT,136000,US,US,M,100,USD,136000.0,136000.0
2024-01-01,Data Analyst,SE,FT,207300,US,US,M,0,USD,207300.0,207300.0
2024-01-01,Data Analyst,MI,FT,167000,US,US,M,0,USD,167000.0,167000.0
